t,o,c,h,l,v
2010-06-29,1.2666666666666666,1.5926666666666667,1.6666666666666667,1.1693333333333333,18766300.0
2010-06-30,1.7193333333333332,1.5886666666666664,2.027946666666667,1.5533333333333335,17187100.0
2010-07-01,1.6666666666666667,1.464,1.728,1.3513333333333333,8218800.0
2010-07-02,1.5333333333333332,1.28,1.54,1.2473333333333334,5139800.0
2010-07-06,1.3333333333333335,1.074,1.3333333333333335,1.0553333333333335,6866900.0
2010-07-07,1.0933333333333333,1.0533333333333335,1.1086666666666667,0.9986666666666667,6921700.0
2010-07-08,1.076,1.1640000000000001,1.168,1.038,7711400.0
2010-07-09,1.172,1.16,1.1933333333333331,1.1033333333333333,4050600.0
2010-07-12,1.1966666666666665,1.1366666666666667,1.2046666666666668,1.1333333333333333,2202500.0
2010-07-13,1.1595866666666665,1.2093333333333334,1.2426666666666666,1.1266666666666665,2680100.0
2010-07-14,1.1960000000000002,1.3226666666666667,1.3433333333333333,1.1840066666666667,4195200.0
2010-07-15,1.3293333333333335,1.326,1.4333333333333333,1.2666666666666666,3739800.0
2010-07-16,1.38,1.3760000000000001,1.42,1.3366666666666667,2621300.0
2010-07-19,1.4246666666666667,1.4606666666666668,1.4833333333333334,1.3946666666666667,2486500.0
2010-07-20,1.4566666666666668,1.3533333333333333,1.4566666666666668,1.3366666666666667,1825300.0
2010-07-21,1.3773333333333333,1.3479999999999999,1.3933333333333333,1.3,1252500.0
2010-07-22,1.3666666666666667,1.4,1.4166666666666667,1.358,957800.0
2010-07-23,1.4126666666666667,1.4193333333333333,1.4373333333333331,1.404,653600.0
2010-07-26,1.4333333333333333,1.3966666666666667,1.4333333333333333,1.3533333333333333,922200.0
2010-07-27,1.394,1.37,1.412,1.3506666666666667,619700.0
2010-07-28,1.37,1.3813333333333333,1.3933333333333333,1.3673333333333335,467200.0
2010-07-29,1.3846666666666667,1.3566666666666667,1.392,1.3333333333333333,616000.0
2010-07-30,1.3466666666666667,1.3293333333333335,1.3626666666666667,1.3033333333333335,426900.0
2010-08-02,1.3666666666666667,1.3946666666666667,1.398,1.3555333333333333,718100.0
2010-08-03,1.4,1.4633333333333334,1.4633333333333334,1.388,1230500.0
2010-08-04,1.4633333333333334,1.4173333333333333,1.4786666666666666,1.3900000000000001,913000.0
2010-08-05,1.436,1.3633333333333333,1.4366666666666668,1.3366666666666667,796200.0
2010-08-06,1.34,1.306,1.3440066666666666,1.3013333333333332,741900.0
2010-08-09,1.3266666666666667,1.3066666666666669,1.332,1.2966666666666666,812700.0
2010-08-10,1.3099999999999998,1.2686666666666668,1.3099999999999998,1.2546666666666666,1281300.0
2010-08-11,1.246,1.1933333333333331,1.2586666666666666,1.1900000000000002,797600.0
2010-08-12,1.1866666666666668,1.1733333333333333,1.1933333333333331,1.1593333333333333,691000.0
2010-08-13,1.212,1.2213333333333334,1.23,1.17736,634000.0
2010-08-16,1.23,1.252,1.2533333333333334,1.21744,485800.0
2010-08-17,1.264,1.2766666666666666,1.2933333333333332,1.252,447900.0
2010-08-18,1.306,1.2513333333333334,1.306,1.24,601300.0
2010-08-19,1.236,1.2526666666666666,1.2833333333333332,1.222,579100.0
2010-08-20,1.2433333333333332,1.2733333333333334,1.274,1.2340066666666667,296000.0
2010-08-23,1.2726666666666666,1.3419999999999999,1.3592733333333333,1.2666666666666666,1088100.0
2010-08-24,1.2833333333333332,1.28,1.314,1.2633333333333332,673100.0
2010-08-25,1.2773333333333334,1.3266666666666667,1.332,1.2373333333333332,503300.0
2010-08-26,1.326,1.3166666666666667,1.3513333333333333,1.3066666666666666,433800.0
2010-08-27,1.3166666666666667,1.3133333333333332,1.3243333333333331,1.3,379600.0
2010-08-30,1.3133333333333332,1.3246666666666667,1.346,1.3073333333333332,732800.0
2010-08-31,1.3106666666666666,1.2986666666666666,1.3193333333333332,1.2886666666666666,201100.0
2010-09-01,1.308,1.3633333333333333,1.3793333333333333,1.3066666666666666,494900.0
2010-09-02,1.358,1.404,1.416,1.35402,487100.0
2010-09-03,1.3913333333333333,1.4033333333333333,1.42,1.3773333333333333,434600.0
2010-09-07,1.3739999999999999,1.3693333333333333,1.4,1.3666666666666667,243400.0
2010-09-08,1.3773333333333333,1.3933333333333333,1.3966666666666665,1.3733333333333335,288400.0
2010-09-09,1.4,1.3806666666666667,1.4033333333333333,1.3793333333333333,376200.0
2010-09-10,1.3833333333333333,1.3446666666666667,1.3953333333333333,1.3173333333333335,386600.0
2010-09-13,1.3926666666666667,1.3813333333333333,1.3933,1.3666666666666667,360800.0
2010-09-14,1.3693333333333333,1.4080000000000001,1.4400000000000002,1.3686666666666667,654700.0
2010-09-15,1.3986666666666667,1.4653333333333334,1.4666666666666666,1.386,684600.0
2010-09-16,1.4766666666666666,1.3960000000000001,1.544,1.3893333333333333,2684500.0
2010-09-17,1.4013333333333333,1.3486666666666667,1.4213333333333333,1.32,1198500.0
2010-09-20,1.3780000000000001,1.4036666666666666,1.4233333333333333,1.344,947500.0
2010-09-21,1.3926666666666667,1.3846666666666667,1.4366666666666668,1.3780000000000001,796000.0
2010-09-22,1.3913333333333333,1.3246666666666667,1.3966666666666665,1.32,962900.0
2010-09-23,1.326,1.3039999999999998,1.3426666666666667,1.3,668100.0
2010-09-24,1.3299999999999998,1.34,1.346,1.3099999999999998,578900.0
2010-09-27,1.3599999999999999,1.3686666666666667,1.3873333333333333,1.3366666666666667,418600.0
2010-09-28,1.4026666666666665,1.4266666666666665,1.4326666666666665,1.3840000000000001,1214500.0
2010-09-29,1.4126666666666667,1.4653333333333334,1.4686666666666668,1.4086666666666665,1969300.0
2010-09-30,1.4666666666666666,1.3603333333333334,1.4766599999999999,1.346,2195800.0
2010-10-01,1.3793333333333333,1.3733333333333335,1.3833333333333333,1.3539999999999999,597700.0
2010-10-04,1.3619999999999999,1.3993333333333333,1.4113333333333333,1.3533333333333333,643600.0
2010-10-05,1.41,1.4080000000000001,1.4186666666666667,1.4006666666666667,332000.0
2010-10-06,1.404,1.364,1.4172,1.3546666666666667,313400.0
2010-10-07,1.3713333333333333,1.3619999999999999,1.3760000000000001,1.3559999999999999,141000.0
2010-10-08,1.3619999999999999,1.3619999999999999,1.386,1.3593333333333333,267800.0
2010-10-11,1.3626666666666667,1.3493333333333333,1.3799333333333335,1.338,171200.0
2010-10-12,1.3466666666666667,1.3493333333333333,1.3521933333333334,1.3353333333333335,244000.0
2010-10-13,1.3760000000000001,1.3693333333333333,1.3900000000000001,1.3573333333333333,318200.0
2010-10-14,1.4,1.3833333333333333,1.4019933333333334,1.3599999999999999,294800.0
2010-10-15,1.3926666666666667,1.3693333333333333,1.3933333333333333,1.35,284700.0
2010-10-18,1.3679999999999999,1.3486666666666667,1.3759933333333334,1.3479999999999999,162800.0
2010-10-19,1.3466666666666667,1.3366666666666667,1.3604066666666665,1.3333333333333333,245200.0
2010-10-20,1.344,1.3766666666666665,1.3793333333333333,1.3359999999999999,312500.0
2010-10-21,1.3739999999999999,1.3833333333333333,1.3966666666666665,1.3633333333333333,417100.0
2010-10-22,1.3786666666666667,1.3813333333333333,1.3953333333333333,1.37,161100.0
2010-10-25,1.3960000000000001,1.3900000000000001,1.3986666666666667,1.3820000000000001,118500.0
2010-10-26,1.3866666666666667,1.424,1.458,1.3673333333333335,660900.0
2010-10-27,1.4166666666666667,1.4,1.4253333333333333,1.3766666666666665,356500.0
2010-10-28,1.426,1.4126666666666667,1.4333333333333333,1.3973333333333333,224200.0
2010-10-29,1.4093333333333333,1.456,1.4566666666666668,1.4034666666666666,280600.0
2010-11-01,1.4626666666666668,1.4273333333333333,1.5166666666666666,1.4206666666666665,455800.0
2010-11-02,1.4453333333333334,1.4166666666666667,1.4586133333333333,1.4033333333333333,322500.0
2010-11-03,1.4186666666666667,1.4513333333333334,1.5,1.4106666666666667,372600.0
2010-11-04,1.5066666666666668,1.66,1.6886666666666665,1.4767333333333332,1874000.0
2010-11-05,1.6580000000000001,1.6293333333333335,1.6646666666666665,1.5813333333333333,1011000.0
2010-11-08,1.6333333333333333,1.6653333333333333,1.6666666666666667,1.602,509500.0
2010-11-09,1.6666666666666667,1.642,1.7126666666666668,1.60334,956400.0
2010-11-10,1.632,1.9573333333333334,1.998,1.6033333333333333,3060500.0
2010-11-11,1.9066666666666667,1.869,1.9400000000000002,1.8219999999999998,1945300.0
2010-11-12,1.8833333333333333,1.9893333333333334,2.033333333333333,1.8713333333333333,2729100.0
2010-11-15,2.0146666666666664,2.0533333333333332,2.1959666666666666,2.0146666666666664,2622900.0
2010-11-16,2.0666666666666664,1.9780000000000002,2.0933333333333333,1.8946666666666667,1347600.0
2010-11-17,2.013333333333333,1.966,2.05,1.9073333333333333,750000.0
2010-11-18,2.0446666666666666,1.9926666666666668,2.0493333333333332,1.9280066666666666,956100.0
2010-11-19,2.010666666666667,2.066,2.0913333333333335,1.98,1150500.0
2010-11-22,2.1046666666666667,2.2266666666666666,2.23,2.1,1529700.0
2010-11-23,2.219333333333333,2.304666666666667,2.3786666666666667,2.1460066666666666,1577800.0
2010-11-24,2.3513333333333337,2.3646666666666665,2.3979999999999997,2.2889333333333335,1425000.0
2010-11-26,2.3733333333333335,2.3546666666666667,2.4,2.3166666666666664,350600.0
2010-11-29,2.360813333333333,2.2886666666666664,2.396666666666667,2.222,1145600.0
2010-11-30,2.2493333333333334,2.3553333333333333,2.3553333333333333,2.227333333333333,2222600.0
2010-12-01,2.3913333333333333,2.29,2.428,2.23,1299200.0
2010-12-02,2.267333333333333,2.1566666666666667,2.2864999999999998,2.08,2007000.0
2010-12-03,2.134,2.099333333333333,2.15,2.058,1160100.0
2010-12-06,2.09,2.0206666666666666,2.0966666666666667,1.9706666666666666,1274400.0
2010-12-07,2.0326666666666666,2.104,2.1599999999999997,2.0033333333333334,1311300.0
2010-12-08,2.165333333333333,2.158,2.166,2.1013333333333333,660000.0
2010-12-09,2.167333333333333,2.1366666666666663,2.1813333333333333,2.11,406000.0
2010-12-10,2.1366666666666663,2.1013333333333333,2.1946666666666665,2.0753399999999997,429400.0
2010-12-13,2.1093333333333333,2.0366666666666666,2.118,2.0266666666666664,410400.0
2010-12-14,2.0193333333333334,1.9020000000000001,2.0259933333333335,1.8507333333333333,1765700.0
2010-12-15,1.9113333333333333,1.9733333333333334,1.998,1.9020000000000001,742900.0
2010-12-16,2.0,2.054,2.0606666666666666,1.9766733333333333,790100.0
2010-12-17,2.0893333333333333,2.0906666666666665,2.1026666666666665,2.0473333333333334,813000.0
2010-12-20,2.1093333333333333,2.1133333333333333,2.146,2.084,523400.0
2010-12-21,2.12,2.1506666666666665,2.179333333333333,2.1140066666666666,777700.0
2010-12-22,2.15,2.1753333333333336,2.1906666666666665,2.1133333333333333,833300.0
2010-12-23,2.084,2.006,2.165333333333333,1.9946666666666668,1552600.0
2010-12-27,1.8679999999999999,1.7032666666666667,1.905333333333333,1.6706666666666665,9301900.0
2010-12-28,1.7233333333333334,1.7606666666666666,1.7833333333333332,1.6666666666666667,4056300.0
2010-12-29,1.802,1.8486666666666667,1.8673333333333335,1.7666666666666666,3319200.0
2010-12-30,1.8466666666666667,1.7666666666666666,1.8599999999999999,1.7586666666666666,2041100.0
2010-12-31,1.7713333333333334,1.7753333333333332,1.8166666666666667,1.7666666666666666,1417900.0
2011-01-03,1.7893333333333332,1.7746666666666668,1.7999933333333333,1.7266666666666666,1283000.0
2011-01-04,1.7773333333333332,1.778,1.7966666666666666,1.7346666666666666,1187400.0
2011-01-05,1.7653333333333334,1.7886666666666666,1.7933333333333332,1.746,1446700.0
2011-01-06,1.7886666666666666,1.8586666666666667,1.8666666666666667,1.7873333333333332,2061200.0
2011-01-07,1.8666666666666667,1.8826666666666665,1.905333333333333,1.8599999999999999,2247900.0
2011-01-10,1.8780000000000001,1.8966666666666667,1.912,1.87,1342700.0
2011-01-11,1.906,1.7973333333333334,1.914,1.7946666666666669,1710200.0
2011-01-12,1.8006666666666666,1.7973333333333334,1.8266,1.768,964400.0
2011-01-13,1.7973333333333334,1.748,1.7979999999999998,1.744,723600.0
2011-01-14,1.7433333333333332,1.7166666666666666,1.7719999999999998,1.7073333333333334,1192000.0
2011-01-18,1.6986666666666668,1.7093333333333334,1.7093333333333334,1.65,1621700.0
2011-01-19,1.6846666666666665,1.602,1.698,1.5833333333333333,2371500.0
2011-01-20,1.602,1.508,1.63,1.4913333333333334,2279900.0
2011-01-21,1.5413333333333334,1.536,1.5726666666666667,1.514,1217000.0
2011-01-24,1.5686666666666667,1.6326666666666665,1.654,1.5486666666666666,1645100.0
2011-01-25,1.6433333333333333,1.6453333333333333,1.6593333333333333,1.6013333333333333,1271500.0
2011-01-26,1.6473333333333333,1.65,1.6586666666666665,1.6066666666666667,1079900.0
2011-01-27,1.649333333333333,1.6613333333333336,1.672,1.6353333333333333,895700.0
2011-01-28,1.6586666666666665,1.6006666666666667,1.6586666666666665,1.5833333333333333,1048400.0
2011-01-31,1.6033333333333333,1.6066666666666667,1.608,1.5666666666666667,830300.0
2011-02-01,1.6206666666666665,1.594,1.6486666666666667,1.5693333333333332,707800.0
2011-02-02,1.6106666666666667,1.596,1.6119999999999999,1.5779333333333334,569500.0
2011-02-03,1.588,1.5753333333333333,1.5933333333333333,1.5433333333333332,512000.0
2011-02-04,1.5626666666666666,1.564,1.578,1.5479999999999998,544000.0
2011-02-07,1.5506666666666669,1.538,1.5506666666666669,1.5253333333333332,895100.0
2011-02-08,1.5853333333333335,1.6326666666666665,1.6833333333333333,1.5333333333333332,3504900.0
2011-02-09,1.6086666666666665,1.5473333333333334,1.6119999999999999,1.5193333333333332,2635600.0
2011-02-10,1.5506666666666669,1.5476666666666667,1.576,1.5206666666666666,836100.0
2011-02-11,1.55,1.55,1.5833333333333333,1.5293333333333334,634500.0
2011-02-14,1.576,1.5386666666666666,1.6093333333333333,1.5366666666666666,1283100.0
2011-02-15,1.534,1.5226666666666666,1.5446666666666669,1.504,953700.0
2011-02-16,1.54,1.6486666666666667,1.6646666666666665,1.5380066666666667,4115100.0
2011-02-17,1.642,1.5733333333333335,1.6993333333333331,1.57,2618400.0
2011-02-18,1.5553333333333332,1.5453333333333332,1.5659999999999998,1.5306666666666666,2370700.0
2011-02-22,1.5253333333333332,1.458,1.5333333333333332,1.452,2064600.0
2011-02-23,1.4786666666666666,1.4553333333333331,1.5,1.4073333333333333,1605600.0
2011-02-24,1.452,1.502,1.5053333333333332,1.4333333333333333,1055300.0
2011-02-25,1.5206666666666666,1.574,1.59,1.5126666666666668,1346300.0
2011-02-28,1.5826666666666664,1.5926666666666667,1.6066666666666667,1.5666666666666667,1051200.0
2011-03-01,1.6033333333333333,1.596,1.6213333333333333,1.5799999999999998,1106400.0
2011-03-02,1.588,1.6013333333333333,1.6186666666666667,1.5816666666666668,663300.0
2011-03-03,1.632,1.6239999999999999,1.6526666666666665,1.6039999999999999,640200.0
2011-03-04,1.632,1.6633333333333333,1.666,1.5853333333333335,1580100.0
2011-03-07,1.662,1.6626666666666667,1.6933333333333331,1.6466666666666665,2033600.0
2011-03-08,1.6400000000000001,1.644,1.664,1.6,1399900.0
2011-03-09,1.644,1.648,1.666,1.6179999999999999,924800.0
2011-03-10,1.6293333333333333,1.6006666666666667,1.6326666666666665,1.582,1017000.0
2011-03-11,1.59,1.6046666666666667,1.6166666666666667,1.5686666666666667,930800.0
2011-03-14,1.588,1.55,1.6,1.5466666666666666,1166000.0
2011-03-15,1.48,1.53,1.5306666666666666,1.4533333333333334,1318800.0
2011-03-16,1.524,1.5213333333333334,1.55,1.5126666666666668,1169700.0
2011-03-17,1.5493333333333332,1.5206666666666666,1.562,1.5093333333333334,922600.0
2011-03-18,1.546,1.5306666666666666,1.546,1.5006666666666668,687900.0
2011-03-21,1.5366666666666666,1.5153333333333334,1.5366666666666666,1.5026666666666666,411700.0
2011-03-22,1.5153333333333334,1.4793333333333334,1.524,1.4666666666666666,582900.0
2011-03-23,1.474,1.4806666666666668,1.4846666666666666,1.4513333333333334,422800.0
2011-03-24,1.476,1.4886666666666666,1.492,1.4653333333333334,462200.0
2011-03-25,1.4953333333333334,1.5166666666666666,1.5333333333333332,1.4933333333333332,568000.0
2011-03-28,1.5133333333333332,1.55,1.5692533333333332,1.5033333333333334,1058100.0
2011-03-29,1.5533333333333335,1.5946666666666667,1.6,1.5473333333333334,755400.0
2011-03-30,1.6073333333333333,1.5806666666666667,1.6326666666666665,1.534,1223300.0
2011-03-31,1.77,1.85,1.914,1.7666666666666666,11517800.0
2011-04-01,1.8299999999999998,1.7773333333333334,1.8786666666666667,1.7713333333333334,2864800.0
2011-04-04,1.7886666666666666,1.722,1.8,1.682,2609300.0
2011-04-05,1.7266666666666666,1.78,1.8,1.7126666666666668,3180900.0
2011-04-06,1.7993333333333332,1.7659999999999998,1.8006666666666666,1.72,1288300.0
2011-04-07,1.79,1.8159999999999998,1.8626666666666667,1.76334,2810300.0
2011-04-08,1.8386666666666664,1.7659999999999998,1.8400266666666667,1.7573333333333332,1946400.0
2011-04-11,1.7646666666666666,1.6846666666666665,1.7686666666666666,1.668,1369400.0
2011-04-12,1.672,1.6433333333333333,1.6806666666666668,1.62,1357400.0
2011-04-13,1.6753333333333333,1.662,1.7126666666666668,1.654,1211500.0
2011-04-14,1.6580000000000001,1.676,1.6853333333333333,1.6133333333333333,983400.0
2011-04-15,1.71,1.7053333333333331,1.7453333333333332,1.694,943500.0
2011-04-18,1.6753333333333333,1.6686666666666667,1.708,1.6239999999999999,1033900.0
2011-04-19,1.6840000000000002,1.6773333333333333,1.6840000000000002,1.6433333333333333,548700.0
2011-04-20,1.7133333333333332,1.7166666666666666,1.7393333333333334,1.6866666666666668,837200.0
2011-04-21,1.7233333333333334,1.7826666666666666,1.7986666666666666,1.7060066666666667,1386100.0
2011-04-25,1.78,1.7593333333333334,1.782,1.7313333333333332,800900.0
2011-04-26,1.7773333333333332,1.7953333333333332,1.8166666666666667,1.7539999999999998,1400000.0
2011-04-27,1.7953333333333332,1.8053333333333332,1.8239999999999998,1.7753333333333332,996900.0
2011-04-28,1.8046666666666666,1.844,1.846,1.7813333333333332,1600000.0
2011-04-29,1.846,1.84,1.858,1.828,726000.0
2011-05-02,1.84,1.8299999999999998,1.8533333333333333,1.8039999999999998,784600.0
2011-05-03,1.8253333333333333,1.7913333333333334,1.826,1.7666666666666666,913900.0
2011-05-04,1.7853333333333334,1.7793333333333334,1.8,1.7166666666666666,1044500.0
2011-05-05,1.8133333333333332,1.7626666666666668,1.8293333333333335,1.7446733333333333,1218500.0
2011-05-06,1.7933333333333332,1.808,1.8466666666666667,1.7746666666666666,981700.0
2011-05-09,1.8,1.8606666666666667,1.8666666666666667,1.79,916400.0
2011-05-10,1.8826666666666665,1.8886666666666665,1.93,1.8606666666666667,1535300.0
2011-05-11,1.88,1.8046666666666666,1.8865666666666667,1.7946666666666669,962500.0
2011-05-12,1.8046666666666666,1.8446666666666667,1.8493333333333333,1.7766666666666666,628000.0
2011-05-13,1.8666666666666667,1.8366666666666667,1.8792733333333334,1.82,661500.0
2011-05-16,1.8659999999999999,1.7733333333333334,1.8659999999999999,1.77,755700.0
2011-05-17,1.8,1.7306666666666668,1.8,1.7146666666666666,1234200.0
2011-05-18,1.74,1.7566666666666668,1.7646666666666666,1.7013333333333334,729500.0
2011-05-19,1.802,1.88,1.8960000000000001,1.7733333333333334,2655100.0
2011-05-20,1.8840000000000001,1.8646666666666667,1.8853333333333333,1.8233333333333335,842500.0
2011-05-23,1.8413333333333333,1.788,1.8413333333333333,1.7746666666666666,863600.0
2011-05-24,1.8013333333333332,1.7813333333333332,1.8333333333333333,1.7733333333333334,613700.0
2011-05-25,1.7933333333333332,1.932,1.9340000000000002,1.7446666666666668,4693100.0
2011-05-26,1.9213333333333333,1.9653333333333334,1.984,1.8733333333333333,3336900.0
2011-05-27,1.9693333333333332,1.97,1.978,1.9213333333333333,1687100.0
2011-05-31,1.9793333333333334,2.009333333333333,2.018666666666667,1.97,3290500.0
2011-06-01,2.0,1.9011333333333333,2.006666666666667,1.892,1529900.0
2011-06-02,1.9013333333333333,1.9173333333333333,1.9546666666666666,1.9006666666666667,986300.0
2011-06-03,1.9966666666666666,2.0086666666666666,2.1,1.9666666666666666,6209200.0
2011-06-06,1.9400000000000002,1.9133333333333333,2.0086666666666666,1.8840000000000001,2331100.0
2011-06-07,1.9293333333333333,1.8913333333333333,1.9593333333333334,1.8840000000000001,1222100.0
2011-06-08,1.8960000000000001,1.808,1.9066666666666667,1.8013333333333332,1695900.0
2011-06-09,1.8286666666666667,1.8413333333333335,1.8733333333333333,1.8066666666666666,1603200.0
2011-06-10,1.8346666666666667,1.8573333333333333,1.8866066666666665,1.8233333333333335,1566600.0
2011-06-13,1.8713333333333333,1.8953333333333333,1.9253333333333333,1.8586666666666665,1713400.0
2011-06-14,1.9026666666666665,1.9066666666666667,1.98,1.9013333333333333,1573400.0
2011-06-15,1.8960000000000001,1.8213333333333332,1.8966666666666665,1.8046666666666666,1345000.0
2011-06-16,1.8446666666666667,1.7666666666666666,1.8666666666666667,1.716,1842200.0
2011-06-17,1.7913333333333334,1.7666666666666666,1.8466666666666667,1.7426666666666666,1714000.0
2011-06-20,1.7526666666666666,1.7340000000000002,1.764,1.7,1537800.0
2011-06-21,1.7493333333333332,1.8353333333333335,1.8486666666666667,1.7333333333333334,1496000.0
2011-06-22,1.8246666666666667,1.814,1.8833333333333333,1.8066666666666666,1475600.0
2011-06-23,1.8133333333333332,1.8473333333333335,1.8479999999999999,1.7473333333333334,1170000.0
2011-06-24,1.8426666666666667,1.8376666666666668,1.8646666666666665,1.8173333333333335,3608500.0
2011-06-27,1.8486666666666667,1.8306666666666667,1.8853333333333333,1.8206666666666667,1809400.0
2011-06-28,1.8526666666666667,1.8739999999999999,1.8833333333333333,1.8446666666666667,889200.0
2011-06-29,1.9,1.886,1.9393333333333334,1.8713333333333333,1461800.0
2011-06-30,1.9,1.942,1.9553333333333331,1.8933333333333333,946700.0
2011-07-01,1.938,1.9346666666666665,1.9733333333333334,1.92,854900.0
2011-07-05,1.9346666666666665,1.9426666666666668,1.968,1.914,996000.0
2011-07-06,1.9426666666666668,1.9306666666666668,1.9426666666666668,1.9033333333333333,926900.0
2011-07-07,1.9426666666666668,1.982,2.0,1.9340000000000002,1327900.0
2011-07-08,1.9926666666666666,1.9206666666666665,1.9926666666666666,1.906,1240600.0
2011-07-11,1.8933333333333333,1.8900000000000001,1.9020000000000001,1.8666666666666667,975800.0
2011-07-12,1.8913333333333333,1.8780000000000001,1.9393333333333334,1.8666666666666667,1045400.0
2011-07-13,1.8953333333333333,1.9093333333333333,1.9353333333333333,1.8599999999999999,1066000.0
2011-07-14,1.9020000000000001,1.8406666666666667,1.9306666666666668,1.8166666666666667,1159000.0
2011-07-15,1.8526666666666667,1.8386666666666664,1.8553333333333333,1.8266666666666664,709000.0
2011-07-18,1.8226666666666667,1.8153333333333335,1.8299999999999998,1.7753333333333332,851900.0
2011-07-19,1.8386666666666664,1.8593333333333333,1.8739999999999999,1.8359999999999999,1026100.0
2011-07-20,1.8666666666666667,1.9126666666666667,2.029333333333333,1.8533333333333333,3048300.0
2011-07-21,1.9273333333333333,1.9133333333333333,1.944,1.8733333333333333,1011500.0
2011-07-22,1.9133333333333333,1.9526666666666666,1.9693333333333332,1.9033933333333333,583500.0
2011-07-25,1.9340000000000002,1.8993333333333333,1.95,1.8960000000000001,673300.0
2011-07-26,1.8873333333333333,1.8666666666666667,1.918,1.8646666666666665,760600.0
2011-07-27,1.9,1.8426666666666667,1.9,1.834,958500.0
2011-07-28,1.84,1.8780000000000001,1.9033333333333333,1.8359999999999999,938700.0
2011-07-29,1.8533333333333333,1.8780000000000001,1.8933333333333333,1.8333333333333333,948200.0
2011-08-01,1.9113333333333333,1.918,1.932,1.8806666666666667,1164900.0
2011-08-02,1.9126666666666667,1.8226666666666667,1.9466666666666665,1.8179999999999998,1549400.0
2011-08-03,1.8333333333333333,1.8133333333333332,1.8553333333333333,1.7557333333333331,1794500.0
2011-08-04,1.7673333333333334,1.65,1.7926666666666666,1.6446666666666667,3064500.0
2011-08-05,1.666,1.6159999999999999,1.692,1.5219999999999998,1964400.0
2011-08-08,1.54,1.576,1.6293333333333333,1.54,2608500.0
2011-08-09,1.6099999999999999,1.6706666666666665,1.6966666666666665,1.5799999999999998,1333400.0
2011-08-10,1.696,1.588,1.696,1.5753333333333333,1564200.0
2011-08-11,1.6026666666666667,1.6866666666666668,1.7166666666666666,1.6,836500.0
2011-08-12,1.7066666666666668,1.754,1.8093333333333332,1.6906666666666665,1009100.0
2011-08-15,1.7746666666666666,1.7486666666666666,1.7833333333333332,1.7286666666666666,738600.0
2011-08-16,1.742,1.74,1.7693333333333332,1.7219999999999998,537700.0
2011-08-17,1.7593333333333334,1.722,1.7766666666666666,1.7006666666666668,643700.0
2011-08-18,1.6666666666666667,1.6173333333333335,1.6766666666666665,1.5646666666666667,1056600.0
2011-08-19,1.5906666666666667,1.4866666666666668,1.6146666666666665,1.4666666666666666,1375300.0
2011-08-22,1.5406666666666666,1.4633333333333334,1.5866666666666667,1.4453333333333334,986100.0
2011-08-23,1.462,1.5306666666666666,1.5406666666666666,1.4333333333333333,869000.0
2011-08-24,1.54,1.5913333333333335,1.5953333333333333,1.5219999999999998,684300.0
2011-08-25,1.5913333333333335,1.5406666666666666,1.5913333333333335,1.5266666666666666,679800.0
2011-08-26,1.514,1.582,1.5966666666666667,1.4713333333333334,761800.0
2011-08-29,1.6146666666666665,1.6473333333333333,1.6566666666666667,1.6013333333333333,803400.0
2011-08-30,1.6333333333333333,1.642,1.6513333333333333,1.6059999999999999,366200.0
2011-08-31,1.6533333333333333,1.6493333333333333,1.7,1.6186666666666667,823800.0
2011-09-01,1.644,1.6,1.6580000000000001,1.589,848100.0
2011-09-02,1.5773333333333333,1.538,1.5993333333333333,1.512,769900.0
2011-09-06,1.5,1.5293333333333334,1.5466666666666666,1.486,809800.0
2011-09-07,1.5593333333333335,1.5893333333333333,1.6,1.552,459200.0
2011-09-08,1.5719999999999998,1.574,1.602,1.552,505700.0
2011-09-09,1.558,1.5313333333333332,1.5713333333333332,1.5033333333333334,669300.0
2011-09-12,1.5156666666666667,1.5253333333333332,1.5539999999999998,1.4966666666666666,566600.0
2011-09-13,1.534,1.6053333333333333,1.6066666666666667,1.5166666666666666,726500.0
2011-09-14,1.6166666666666667,1.6226666666666667,1.656,1.5859999999999999,830800.0
2011-09-15,1.6386666666666665,1.6546666666666667,1.662,1.6219999999999999,562600.0
2011-09-16,1.6520000000000001,1.72,1.7226666666666666,1.6326666666666665,1417100.0
2011-09-19,1.6633333333333333,1.718,1.7206666666666666,1.588,1157400.0
2011-09-20,1.732,1.7340000000000002,1.7733333333333334,1.7113333333333334,1180400.0
2011-09-21,1.73,1.7233333333333334,1.7966666666666666,1.7133333333333332,987600.0
2011-09-22,1.7093333333333334,1.7086666666666666,1.7406666666666666,1.6586666666666665,775800.0
2011-09-23,1.6993333333333331,1.7586666666666666,1.7746666666666666,1.6900000000000002,1156400.0
2011-09-26,1.768,1.7013333333333334,1.768,1.66,934800.0
2011-09-27,1.7333333333333334,1.746,1.7993333333333332,1.7046666666666666,674500.0
2011-09-28,1.7333333333333334,1.6393333333333333,1.7666666666666666,1.6340000000000001,723300.0
2011-09-29,1.7146666666666666,1.608,1.7213333333333334,1.57,929600.0
2011-09-30,1.6533333333333333,1.6260000000000001,1.6593333333333333,1.5659999999999998,1336100.0
2011-10-03,1.6633333333333333,1.582,1.6666666666666667,1.55,1023200.0
2011-10-04,1.5526666666666666,1.5773333333333333,1.6213333333333333,1.5286666666666666,1200300.0
2011-10-05,1.602,1.6913333333333334,1.7223333333333333,1.5566666666666666,1229500.0
2011-10-06,1.6913333333333334,1.7973333333333334,1.84,1.668,1769100.0
2011-10-07,1.7986666666666666,1.7993333333333332,1.84,1.7366666666666666,1311600.0
2011-10-10,1.8206666666666667,1.8586666666666667,1.8786666666666667,1.8,923500.0
2011-10-11,1.834,1.8406666666666667,1.8513333333333333,1.806,575700.0
2011-10-12,1.8166666666666667,1.8533333333333333,1.8666666666666667,1.8133333333333332,1123400.0
2011-10-13,1.8419999999999999,1.8626666666666667,1.898,1.8293333333333335,1043500.0
2011-10-14,1.8666666666666667,1.87,1.9033333333333333,1.8173333333333335,1400500.0
2011-10-17,1.8573333333333333,1.828,1.8666666666666667,1.81734,754500.0
2011-10-18,1.82,1.8893333333333333,1.8951666666666664,1.7806666666666666,999700.0
2011-10-19,1.8679999999999999,1.838,1.8706666666666665,1.82,792900.0
2011-10-20,1.8293333333333335,1.8226666666666667,1.8313333333333333,1.8,999700.0
2011-10-21,1.8266666666666664,1.8686666666666667,1.8866666666666667,1.8006666666666666,1142600.0
2011-10-24,1.858,1.9033333333333333,1.926,1.8499999999999999,940600.0
2011-10-25,1.882,1.8833333333333333,1.924,1.8533333333333333,654400.0
2011-10-26,1.8793333333333333,1.8653333333333333,1.8913333333333333,1.8266666666666664,510500.0
2011-10-27,1.8893333333333333,1.9173333333333333,1.93,1.8739999999999999,869400.0
2011-10-28,1.9,1.9913333333333334,2.0,1.8673333333333335,1264000.0
2011-10-31,1.9666666666666666,1.958,1.9673333333333334,1.9166666666666667,1134000.0
2011-11-01,1.8926666666666667,1.9253333333333333,1.9280000000000002,1.8666666666666667,635200.0
2011-11-02,1.9333333333333333,1.9140000000000001,1.9506666666666668,1.8833333333333333,875300.0
2011-11-03,2.0,2.164,2.166,1.9686666666666668,2509700.0
2011-11-04,2.0973333333333337,2.1540000000000004,2.16,2.0340000000000007,3032900.0
2011-11-07,2.1093333333333333,2.0846666666666667,2.1333333333333333,2.05,1266300.0
2011-11-08,2.0913333333333335,2.1226666666666665,2.1333333333333333,2.048,1167900.0
2011-11-09,2.058,2.0586666666666664,2.099333333333333,2.02,953700.0
2011-11-10,2.062666666666667,2.0886666666666667,2.1,2.043333333333333,747300.0
2011-11-11,2.1266666666666665,2.2426666666666666,2.3,2.038,3868300.0
2011-11-14,2.2,2.2146666666666666,2.2359999999999998,2.1746666666666665,1325700.0
2011-11-15,2.1946666666666665,2.262,2.293333333333333,2.182,891000.0
2011-11-16,2.2319999999999998,2.329333333333333,2.3333333333333335,2.2268600000000003,1833200.0
2011-11-17,2.3,2.2453333333333334,2.3266666666666667,2.2126666666666663,1349300.0
2011-11-18,2.2426666666666666,2.1733333333333333,2.274,2.1693333333333333,902800.0
2011-11-21,2.1626666666666665,2.1173333333333333,2.1626666666666665,2.07,1031600.0
2011-11-22,2.1173333333333333,2.138,2.186,2.07,732600.0
2011-11-23,2.1173333333333333,2.0966666666666667,2.1366666666666663,2.0833333333333335,451800.0
2011-11-25,2.1033333333333335,2.1106666666666665,2.1606666666666663,2.072,239600.0
2011-11-28,2.1333333333333333,2.170666666666667,2.2186666666666666,2.1206666666666667,681200.0
2011-11-29,2.166,2.1166666666666667,2.2046666666666668,2.1086666666666667,591100.0
2011-11-30,2.1666666666666665,2.182666666666667,2.195333333333333,2.1479999999999997,760300.0
2011-12-01,2.171333333333333,2.1733333333333333,2.266,2.132,1030200.0
2011-12-02,2.1886666666666663,2.2199999999999998,2.246,2.1599999999999997,802800.0
2011-12-05,2.235333333333333,2.2946666666666666,2.3333333333333335,2.2286733333333335,1160100.0
2011-12-06,2.2800000000000002,2.3246666666666664,2.332,2.268733333333333,951800.0
2011-12-07,2.308666666666667,2.279333333333333,2.326,2.253333333333333,674300.0
2011-12-08,2.056,2.0593333333333335,2.11,1.974,3305800.0
2011-12-09,2.036,2.0693333333333332,2.074666666666667,2.018666666666667,1239500.0
2011-12-12,2.029333333333333,2.0273333333333334,2.041333333333333,2.001333333333333,758700.0
2011-12-13,2.038,1.9633333333333334,2.062,1.9274,994100.0
2011-12-14,1.9666666666666666,1.9020000000000001,1.9786666666666666,1.8666666666666667,1163900.0
2011-12-15,1.9113333333333333,1.9080000000000001,1.9446666666666668,1.8746666666666667,700300.0
2011-12-16,1.9193333333333333,1.8666666666666667,1.9286666666666665,1.8653333333333333,1029700.0
2011-12-19,1.8726666666666667,1.85,1.9,1.8246666666666667,987000.0
2011-12-20,1.87,1.8599999999999999,1.8966666666666665,1.8476666666666666,843300.0
2011-12-21,1.8606666666666667,1.838,1.8713333333333333,1.7353333333333334,1705500.0
2011-12-22,1.84,1.8513333333333333,1.87,1.82,1009400.0
2011-12-23,1.8666666666666667,1.8599999999999999,1.8666666666666667,1.8346666666666667,591400.0
2011-12-27,1.844,1.9046666666666667,1.918,1.8426666666666667,777500.0
2011-12-28,1.9326666666666665,1.9006666666666667,1.9493,1.8693333333333333,575200.0
2011-12-29,1.906,1.9153333333333333,1.956,1.9032666666666667,488200.0
2011-12-30,1.899333333333333,1.904,1.932,1.8833333333333333,339800.0
2012-01-03,1.9293333333333333,1.8719999999999999,1.9666666666666666,1.8433333333333333,928100.0
2012-01-04,1.8806666666666667,1.8473333333333335,1.9113333333333333,1.8333333333333333,630100.0
2012-01-05,1.8506666666666667,1.808,1.8619999999999999,1.79,1005500.0
2012-01-06,1.8133333333333332,1.794,1.8526666666666667,1.7606666666666666,986300.0
2012-01-09,1.8,1.8166666666666667,1.8326666666666664,1.7413333333333334,897000.0
2012-01-10,1.8293333333333335,1.8413333333333335,1.8506666666666667,1.8166666666666667,671800.0
2012-01-11,1.8413333333333333,1.8820000000000001,1.892,1.82,672300.0
2012-01-12,1.8986666666666667,1.8833333333333333,1.9080000000000001,1.8536666666666666,729300.0
2012-01-13,1.8933333333333333,1.5193333333333332,1.9,1.5093333333333334,5500400.0
2012-01-17,1.7746666666666666,1.7733333333333334,1.8226666666666667,1.7606666666666666,4651600.0
2012-01-18,1.7793333333333334,1.7873333333333332,1.7919999999999998,1.75,1260200.0
2012-01-19,1.8126666666666666,1.784,1.8493333333333333,1.774,1246300.0
2012-01-20,1.7933333333333332,1.7733333333333334,1.8,1.7599999999999998,662300.0
2012-01-23,1.7873333333333332,1.7846666666666666,1.814,1.7733333333333334,594600.0
2012-01-24,1.7753333333333332,1.828,1.8453333333333333,1.7626600000000001,858000.0
2012-01-25,1.8179999999999998,1.8646666666666667,1.8673333333333335,1.8033333333333335,611200.0
2012-01-26,1.8713333333333333,1.9293333333333333,1.9719999999999998,1.8666666666666667,1271100.0
2012-01-27,1.9,1.9553333333333331,1.9813333333333332,1.9,748400.0
2012-01-30,1.966,1.9713333333333334,1.974,1.9019333333333333,729000.0
2012-01-31,1.9933333333333332,1.938,2.0,1.9246666666666667,956400.0
2012-02-01,1.938,1.972,1.98,1.9333333333333333,523200.0
2012-02-02,1.9813333333333332,2.0166666666666666,2.0586666666666664,1.9736666666666667,805700.0
2012-02-03,2.0273333333333334,2.0766666666666667,2.0886666666666667,2.0166666666666666,764500.0
2012-02-06,2.0733333333333333,2.12,2.1266666666666665,2.07,652100.0
2012-02-07,2.12,2.106666666666667,2.12,2.054666666666667,1021600.0
2012-02-08,2.106666666666667,2.1286666666666667,2.134,2.086,623700.0
2012-02-09,2.1333333333333333,2.1719999999999997,2.1933333333333334,2.0953333333333335,1277100.0
2012-02-10,2.1506666666666665,2.0733333333333333,2.1513,1.9893333333333334,1874200.0
2012-02-13,2.1033333333333335,2.099333333333333,2.1373333333333333,2.06,1157900.0
2012-02-14,2.1159999999999997,2.2113333333333336,2.2526666666666664,2.0933333333333333,1810800.0
2012-02-15,2.2066666666666666,2.24,2.2939999999999996,2.1513333333333335,2761800.0
2012-02-16,2.2333333333333334,2.2786666666666666,2.3006666666666664,2.1693333333333333,2219700.0
2012-02-17,2.266,2.3313333333333333,2.3313333333333333,2.2333333333333334,1376700.0
2012-02-21,2.3246666666666664,2.3,2.3246666666666664,2.254,1135800.0
2012-02-22,2.3,2.2813333333333334,2.3146666666666667,2.1666666666666665,1654600.0
2012-02-23,2.2573333333333334,2.302,2.3313333333333333,2.2373333333333334,820400.0
2012-02-24,2.2819999999999996,2.25,2.3013333333333335,2.218,959900.0
2012-02-27,2.227333333333333,2.241333333333333,2.2666666666666666,2.2,606000.0
2012-02-28,2.2426666666666666,2.254,2.296,2.2113333333333336,612200.0
2012-02-29,2.254,2.227333333333333,2.2746666666666666,2.2093333333333334,535700.0
2012-03-01,2.234,2.2939999999999996,2.3,2.2203333333333335,703500.0
2012-03-02,2.293333333333333,2.2693333333333334,2.3,2.247333333333333,550000.0
2012-03-05,2.29,2.2513333333333336,2.293333333333333,2.2306666666666666,467000.0
2012-03-06,2.216666666666667,2.207333333333333,2.2186666666666666,2.1746666666666665,573800.0
2012-03-07,2.2079999999999997,2.2079999999999997,2.2209999999999996,2.194033333333333,364900.0
2012-03-08,2.207333333333333,2.2046666666666668,2.232666666666667,2.2026666666666666,633300.0
2012-03-09,2.2133333333333334,2.3160000000000003,2.354,2.2133333333333334,1553400.0
2012-03-12,2.3126666666666664,2.4006666666666665,2.4193333333333333,2.3066666666666666,1963300.0
2012-03-13,2.4339999999999997,2.406,2.4393333333333334,2.3666666666666667,1001600.0
2012-03-14,2.4,2.3526666666666665,2.4,2.32,851500.0
2012-03-15,2.352,2.3333333333333335,2.365333333333333,2.3186666666666667,571600.0
2012-03-16,2.3266666666666667,2.3546666666666667,2.3926666666666665,2.322,729300.0
2012-03-19,2.3506666666666667,2.332,2.3546666666666667,2.3026666666666666,1015600.0
2012-03-20,2.332,2.3306666666666667,2.3466666666666667,2.304666666666667,567000.0
2012-03-21,2.329333333333333,2.3433333333333333,2.353333333333333,2.3066666666666666,607200.0
2012-03-22,2.3313333333333337,2.2933333333333334,2.3433333333333337,2.286666666666667,522400.0
2012-03-23,2.284,2.272,2.308666666666667,2.21,1170600.0
2012-03-26,2.372666666666667,2.493333333333333,2.5393333333333334,2.3360933333333334,3140500.0
2012-03-27,2.477333333333333,2.529333333333333,2.6633333333333336,2.4686666666666666,2539200.0
2012-03-28,2.518666666666667,2.5233333333333334,2.5626666666666664,2.4740266666666666,955000.0
2012-03-29,2.546,2.4886666666666666,2.546,2.4686666666666666,796400.0
2012-03-30,2.5013333333333336,2.482666666666667,2.529333333333333,2.445333333333333,886400.0
2012-04-02,2.4886666666666666,2.4386666666666668,2.5313333333333334,2.4353333333333333,1028600.0
2012-04-03,2.4466666666666668,2.534,2.56464,2.4446666666666665,1098100.0
2012-04-04,2.3513333333333337,2.3333333333333335,2.366,2.3126666666666664,4481800.0
2012-04-05,2.34,2.2986666666666666,2.3626666666666667,2.2939999999999996,1509400.0
2012-04-09,2.2733333333333334,2.21,2.286,2.2066666666666666,1655700.0
2012-04-10,2.21,2.164,2.2565999999999997,2.14,1847700.0
2012-04-11,2.216,2.2060000000000004,2.219333333333333,2.134,1105500.0
2012-04-12,2.251333333333334,2.2293333333333334,2.298666666666667,2.194666666666667,1033900.0
2012-04-13,2.2626666666666666,2.2393333333333336,2.2693333333333334,2.19,649600.0
2012-04-16,2.227333333333333,2.15,2.246666666666667,2.1393333333333335,1099600.0
2012-04-17,2.162,2.1493333333333333,2.2046666666666668,2.136,1115500.0
2012-04-18,2.1393333333333335,2.177333333333333,2.183333333333333,2.102,823100.0
2012-04-19,2.183333333333333,2.2106666666666666,2.228666666666667,2.1666666666666665,774900.0
2012-04-20,2.2093333333333334,2.2106666666666666,2.24866,2.1959999999999997,821800.0
2012-04-23,2.1906666666666665,2.1293333333333333,2.198,2.114,890800.0
2012-04-24,2.1213333333333333,2.1213333333333333,2.146666666666667,2.0666666666666664,674500.0
2012-04-25,2.138,2.194,2.1993333333333336,2.138,712200.0
2012-04-26,2.1973333333333334,2.232666666666667,2.234666666666667,2.194,425300.0
2012-04-27,2.24,2.222666666666667,2.242,2.194,591000.0
2012-04-30,2.218,2.208666666666667,2.2239999999999998,2.1719999999999997,413900.0
2012-05-01,2.208666666666667,2.2520000000000002,2.280666666666667,2.208666666666667,659000.0
2012-05-02,2.2333333333333334,2.2626666666666666,2.292666666666667,2.226,497300.0
2012-05-03,2.2606666666666664,2.164,2.2666666666666666,2.1420000000000003,841300.0
2012-05-04,2.146666666666667,2.122,2.164,2.0933333333333333,1247500.0
2012-05-07,2.1306666666666665,2.1646666666666667,2.1719999999999997,2.107333333333333,1158000.0
2012-05-08,2.1666666666666665,2.0126666666666666,2.1818733333333333,1.958,3097200.0
2012-05-09,2.02,2.004,2.0513333333333335,1.984,1947900.0
2012-05-10,2.198,2.1973333333333334,2.312,2.1599999999999997,5556300.0
2012-05-11,2.166,2.15,2.229333333333333,2.1439999999999997,1221300.0
2012-05-14,2.128,2.004,2.1420000000000003,2.0033333333333334,1380900.0
2012-05-15,2.017333333333333,1.962,2.064,1.948,1585700.0
2012-05-16,1.9719999999999998,1.9453333333333334,2.012,1.9253333333333333,1257100.0
2012-05-17,1.9533333333333334,1.9046666666666667,1.986,1.8826666666666665,1149000.0
2012-05-18,1.8913333333333333,1.8373333333333333,1.8973333333333333,1.7886666666666666,1616500.0
2012-05-21,1.8386666666666664,1.918,1.9506666666666668,1.808,1475200.0
2012-05-22,2.006666666666667,2.0526666666666666,2.0893333333333333,2.0,2366200.0
2012-05-23,2.037333333333333,2.068,2.07,1.9666666666666666,1220400.0
2012-05-24,2.0833333333333335,2.021333333333333,2.0833333333333335,1.9793333333333334,1075600.0
2012-05-25,2.010666666666667,1.9873333333333332,2.0271733333333333,1.9466666666666665,757000.0
2012-05-29,2.0006666666666666,2.1126666666666667,2.1286666666666667,2.0006666666666666,1650000.0
2012-05-30,2.072,2.0273333333333334,2.094666666666667,2.016,1307200.0
2012-05-31,2.0046666666666666,1.9666666666666666,2.0193333333333334,1.9166666666666667,1118700.0
2012-06-01,1.9020000000000001,1.8766666666666665,1.944,1.8506666666666667,885800.0
2012-06-04,1.8686666666666667,1.8586666666666667,1.894,1.8073333333333332,1030900.0
2012-06-05,1.8559999999999999,1.8606666666666667,1.8926666666666667,1.8373333333333333,630900.0
2012-06-06,1.88,1.948,1.9633333333333332,1.8760000000000001,909900.0
2012-06-07,1.9873333333333332,1.9286666666666668,1.9913333333333334,1.9233333333333333,492100.0
2012-06-08,1.924,2.005333333333333,2.0126666666666666,1.8765,881100.0
2012-06-11,2.0206666666666666,1.9413333333333334,2.0666666666666664,1.93056,636000.0
2012-06-12,1.9486666666666668,1.9773333333333334,1.9893333333333334,1.9206666666666665,569000.0
2012-06-13,1.97,1.9846666666666666,2.042666666666667,1.9646666666666666,844100.0
2012-06-14,2.012,1.9593333333333334,2.043333333333333,1.9080000000000001,872200.0
2012-06-15,1.9593333333333334,1.994,1.9966666666666666,1.9206666666666665,646800.0
2012-06-18,1.996,2.1226666666666665,2.155333333333333,1.9666666666666666,1256800.0
2012-06-19,2.134666666666667,2.1393333333333335,2.177293333333333,2.1,911100.0
2012-06-20,2.2333333333333334,2.2520000000000002,2.3,2.214,3422400.0
2012-06-21,2.284,2.146,2.2853333333333334,2.1226666666666665,1891900.0
2012-06-22,2.1733333333333333,2.252333333333333,2.265333333333333,2.164,3046600.0
2012-06-25,2.2626666666666666,2.207333333333333,2.2746666666666666,2.183333333333333,1498500.0
2012-06-26,2.1366666666666667,2.1073333333333335,2.156666666666667,2.092666666666667,2613900.0
2012-06-27,2.126666666666667,2.130666666666667,2.1630000000000003,2.104666666666667,1047200.0
2012-06-28,2.1266666666666665,2.094,2.1406666666666667,2.041333333333333,914100.0
2012-06-29,2.1866666666666665,2.086,2.1866666666666665,2.0666666666666664,1125800.0
2012-07-02,2.09,2.0266666666666664,2.1199666666666666,2.0126666666666666,1315600.0
2012-07-03,2.04,2.044,2.0666666666666664,2.0266666666666664,947000.0
2012-07-05,2.054,2.082,2.1113333333333335,2.0533333333333332,1253800.0
2012-07-06,2.066,2.066,2.1153333333333335,2.0533333333333332,784500.0
2012-07-09,2.062666666666667,2.099333333333333,2.122,2.0446666666666666,910500.0
2012-07-10,2.1026666666666665,2.0846666666666667,2.165333333333333,2.0593333333333335,758400.0
2012-07-11,2.1046666666666667,2.1006666666666667,2.112,2.0673333333333335,638600.0
2012-07-12,2.086,2.18,2.2006666666666663,2.0533333333333332,1125700.0
2012-07-13,2.198,2.283333333333333,2.293333333333333,2.1886666666666663,1304800.0
2012-07-16,2.288,2.3973333333333335,2.4,2.26,1744000.0
2012-07-17,2.3333333333333335,2.2233333333333336,2.3473333333333333,2.158666666666667,2569300.0
2012-07-18,2.094666666666667,2.143333333333333,2.244666666666667,2.0706666666666664,2881900.0
2012-07-19,2.1813333333333333,2.1513333333333335,2.21,2.136,1435900.0
2012-07-20,2.138,2.119333333333333,2.15,2.0833333333333335,1568500.0
2012-07-23,2.07,2.044,2.086666666666667,2.041333333333333,1386800.0
2012-07-24,2.044,1.9893333333333334,2.0693333333333332,1.9746666666666668,1500300.0
2012-07-25,1.9946666666666668,1.93,1.9986666666666666,1.9166666666666667,2842200.0
2012-07-26,1.9933333333333332,1.8753333333333333,2.0,1.8426666666666667,2262300.0
2012-07-27,1.914,1.9673333333333334,1.9773333333333334,1.8733333333333333,1673000.0
2012-07-30,1.9673333333333334,1.8233333333333335,2.0165333333333333,1.814,2065200.0
2012-07-31,1.8359999999999999,1.828,1.8646666666666665,1.8233333333333335,1575100.0
2012-08-01,1.8659999999999999,1.75,1.8659999999999999,1.7353333333333334,1592300.0
2012-08-02,1.7893333333333332,1.74,1.79,1.7013333333333334,1305100.0
2012-08-03,1.7933333333333332,1.818,1.8366666666666667,1.7826666666666666,1209500.0
2012-08-06,1.8366666666666667,1.8846666666666667,1.9133333333333333,1.8366666666666667,1528200.0
2012-08-07,1.918,2.0166666666666666,2.06,1.9,2387200.0
2012-08-08,1.9933333333333332,1.9393333333333334,2.0,1.906,1308900.0
2012-08-09,1.968,1.9606666666666668,2.0,1.9420066666666667,672600.0
2012-08-10,1.954,1.996,1.996,1.954,707400.0
2012-08-13,1.9793333333333334,2.0780000000000003,2.086666666666667,1.9400666666666666,870100.0
2012-08-14,2.05,1.9613333333333334,2.0780000000000003,1.9506666666666668,793400.0
2012-08-15,1.9593333333333334,1.96,1.98,1.9206666666666665,525400.0
2012-08-16,1.9686666666666668,2.02,2.026,1.9666666666666666,669000.0
2012-08-17,2.0193333333333334,2.0006666666666666,2.0473333333333334,1.9986666666666666,508200.0
2012-08-20,2.01,1.9673333333333334,2.026,1.9400000000000002,1179100.0
2012-08-21,1.9719999999999998,1.9406666666666665,2.0,1.9333333333333333,761600.0
2012-08-22,1.9340000000000002,1.9966666666666666,2.0026666666666664,1.9340000000000002,775500.0
2012-08-23,2.0,2.0486666666666666,2.0566666666666666,1.9766666666666666,1471000.0
2012-08-24,2.004,1.9666666666666666,2.016,1.9606666666666666,1429400.0
2012-08-27,1.9713333333333334,1.8880000000000001,1.98,1.8780000000000001,1350400.0
2012-08-28,1.8933333333333333,1.9126666666666667,1.9583333333333333,1.8666666666666667,1402700.0
2012-08-29,1.899333333333333,1.894,1.9093333333333333,1.8679999999999999,838900.0
2012-08-30,1.9066666666666667,1.894,1.916,1.8733333333333333,656400.0
2012-08-31,1.9073333333333333,1.9013333333333333,1.9226666666666665,1.88,539800.0
2012-09-04,1.9013333333333333,1.8760000000000001,1.9326666666666665,1.8599999999999999,752500.0
2012-09-05,1.8673333333333335,1.8626666666666667,1.9,1.8539999999999999,639300.0
2012-09-06,1.8666666666666667,1.9033333333333333,1.9266666666666665,1.8599999999999999,841700.0
2012-09-07,1.9033333333333333,1.9566666666666668,1.9713333333333334,1.9,953200.0
2012-09-10,1.9466666666666665,1.8246666666666667,1.9566666666666668,1.8196666666666668,1483300.0
2012-09-11,1.8506666666666667,1.8533333333333333,1.8773333333333333,1.8266666666666664,1014900.0
2012-09-12,1.8599999999999999,1.8853333333333333,1.905333333333333,1.8533333333333333,1145200.0
2012-09-13,1.9046666666666667,1.9653333333333334,1.9666666666666666,1.8986666666666667,1484700.0
2012-09-14,2.0000000000000004,2.0260000000000002,2.0433333333333334,1.976666666666667,1536600.0
2012-09-17,2.1566666666666667,2.1693333333333333,2.1853333333333333,2.1006666666666667,3212800.0
2012-09-18,2.1253333333333333,2.0893333333333333,2.1266666666666665,2.0453333333333332,1788500.0
2012-09-19,2.0666666666666664,2.07,2.1159999999999997,2.062666666666667,1048500.0
2012-09-20,2.062,2.06,2.1,2.0453333333333332,912400.0
2012-09-21,2.0733333333333333,2.001333333333333,2.099333333333333,1.9693333333333332,1870000.0
2012-09-24,1.9673333333333334,2.044,2.0686666666666667,1.96,1301900.0
2012-09-25,1.9080000000000001,1.844,1.9653333333333334,1.8353333333333335,5680400.0
2012-09-26,1.8446666666666667,1.8359999999999999,1.8933333333333333,1.832,1527200.0
2012-09-27,1.8499999999999999,1.8993333333333333,1.9026666666666665,1.84,1758600.0
2012-09-28,1.9153333333333333,1.9520000000000002,1.9926666666666666,1.9073333333333333,4343400.0
2012-10-01,1.9666666666666666,1.944,1.9926666666666666,1.9333333333333333,884400.0
2012-10-02,1.952,1.9866666666666668,1.9926666666666666,1.9333333333333333,729000.0
2012-10-03,1.9833333333333334,1.9533333333333334,1.9966666666666666,1.94934,1052800.0
2012-10-04,2.0,1.96,2.006666666666667,1.91,1541300.0
2012-10-05,1.98,1.926,1.9873333333333332,1.912,938600.0
2012-10-08,1.924,1.95,1.96,1.9074,889700.0
2012-10-09,1.9413333333333334,1.8913333333333333,1.9413333333333334,1.8833333333333333,1193000.0
2012-10-10,1.8926666666666667,1.8933333333333333,1.9146666666666665,1.8673333333333335,503600.0
2012-10-11,1.9306666666666668,1.8880000000000001,1.932,1.8833333333333333,450600.0
2012-10-12,1.888,1.8426666666666667,1.9153333333333333,1.8333333333333333,987600.0
2012-10-15,1.8666666666666667,1.8219999999999998,1.87,1.7906666666666666,1468700.0
2012-10-16,1.8446666666666667,1.8706666666666665,1.8726666666666667,1.8226666666666667,479300.0
2012-10-17,1.8833333333333333,1.9212733333333332,1.9226666666666665,1.8533333333333333,668000.0
2012-10-18,1.9326666666666665,1.8693333333333333,1.9326666666666665,1.852,741000.0
2012-10-19,1.8553333333333333,1.8493333333333333,1.88,1.82,1027400.0
2012-10-22,1.8659999999999999,1.8566666666666667,1.8666666666666667,1.8239999999999998,470200.0
2012-10-23,1.8253333333333333,1.8926666666666667,1.904,1.82468,749000.0
2012-10-24,1.9013333333333333,1.828,1.9013333333333333,1.8166666666666667,1016400.0
2012-10-25,1.8533333333333333,1.8346666666666667,1.8533333333333333,1.8299999999999998,577700.0
2012-10-26,1.8353333333333335,1.8253333333333333,1.8533333333333333,1.8013333333333332,477400.0
2012-10-31,1.8466666666666667,1.8754266666666666,1.8900000000000001,1.8246666666666667,775200.0
2012-11-01,1.8833333333333333,1.9496933333333333,1.966,1.88,1024100.0
2012-11-02,1.9513333333333334,1.9278799999999998,1.97,1.9033333333333333,1030300.0
2012-11-05,1.9866666666666666,2.1,2.1053333333333333,1.9553333333333331,2048900.0
2012-11-06,2.0406666666666666,2.0766666666666667,2.08,1.9966666666666666,2324000.0
2012-11-07,2.0666666666666664,2.1026666666666665,2.1366666666666663,2.054,1714500.0
2012-11-08,2.0673333333333335,2.087333333333333,2.1253333333333333,2.062666666666667,1274000.0
2012-11-09,2.04,2.021333333333333,2.062,1.99,863000.0
2012-11-12,2.0193333333333334,2.0713333333333335,2.094666666666667,2.010666666666667,555900.0
2012-11-13,2.086,2.10762,2.1333333333333333,2.048,998300.0
2012-11-14,2.1306666666666665,2.092,2.1413333333333333,2.0802666666666667,871300.0
2012-11-15,2.086666666666667,2.054666666666667,2.096,2.033333333333333,984000.0
2012-11-16,2.076666666666667,2.12266,2.1333333333333337,2.03934,908700.0
2012-11-19,2.1380000000000003,2.194666666666667,2.2166666666666672,2.122666666666667,1392400.0
2012-11-20,2.1866666666666665,2.2,2.2066666666666666,2.1273333333333335,922500.0
2012-11-21,2.174,2.1646666666666667,2.231333333333333,2.1524,963200.0
2012-11-23,2.1733333333333333,2.1420000000000003,2.1886666666666663,2.1133333333333333,430300.0
2012-11-26,2.14,2.1513333333333335,2.1533333333333333,2.108,495800.0
2012-11-27,2.1420000000000003,2.143333333333333,2.177333333333333,2.1013333333333333,910800.0
2012-11-28,2.1333333333333333,2.215333333333333,2.286,2.1273333333333335,1525200.0
2012-11-29,2.229333333333333,2.246,2.2666666666666666,2.191333333333333,1103400.0
2012-11-30,2.242,2.2546666666666666,2.2853333333333334,2.2006666666666663,1420300.0
2012-12-03,2.259333333333333,2.308,2.3333333333333335,2.2333333333333334,2085700.0
2012-12-04,2.272,2.26,2.32,2.2366666666666664,1263300.0
2012-12-05,2.2546666666666666,2.247333333333333,2.279333333333333,2.2386666666666666,661500.0
2012-12-06,2.2546666666666666,2.26,2.32,2.2333333333333334,660400.0
2012-12-07,2.2866666666666666,2.278,2.2993333333333332,2.256666666666667,664400.0
2012-12-10,2.2953333333333332,2.304666666666667,2.3199933333333336,2.2786666666666666,929800.0
2012-12-11,2.3066666666666666,2.352,2.3666666666666667,2.2973333333333334,1572600.0
2012-12-12,2.3473333333333333,2.3506666666666667,2.3866666666666663,2.33,2063800.0
2012-12-13,2.3506666666666667,2.240666666666667,2.353333333333333,2.183333333333333,2151300.0
2012-12-14,2.24,2.254,2.293333333333333,2.2393333333333336,1023000.0
2012-12-17,2.251333333333334,2.2933333333333334,2.3000000000000003,2.2500000000000004,824900.0
2012-12-18,2.284,2.306,2.338,2.284,1553900.0
2012-12-19,2.3166666666666664,2.3073333333333332,2.3506666666666667,2.3013333333333335,1298800.0
2012-12-20,2.3006666666666664,2.2953333333333332,2.3192066666666666,2.2699999999999996,921200.0
2012-12-21,2.2626666666666666,2.2666666666666666,2.278,2.2386666666666666,1492400.0
2012-12-24,2.2426666666666666,2.2853333333333334,2.29,2.2366666666666664,375800.0
2012-12-26,2.2640000000000002,2.2393333333333336,2.3,2.2333333333333334,601400.0
2012-12-27,2.2333333333333334,2.246,2.2606666666666664,2.2,561100.0
2012-12-28,2.2253333333333334,2.2146666666666666,2.243333333333333,2.2013333333333334,414100.0
2012-12-31,2.2,2.258,2.2646666666666664,2.2,594900.0
2013-01-02,2.3333333333333335,2.3573333333333335,2.3633266666666666,2.3136666666666663,1194800.0
2013-01-03,2.3453333333333335,2.318,2.3633333333333333,2.3166666666666664,742000.0
2013-01-04,2.3200000000000003,2.2933333333333334,2.3200000000000003,2.261333333333334,674000.0
2013-01-07,2.32,2.2893333333333334,2.32,2.26,442000.0
2013-01-08,2.3,2.2453333333333334,2.3,2.207333333333333,1284000.0
2013-01-09,2.267333333333333,2.2426666666666666,2.279333333333333,2.2266666666666666,698000.0
2013-01-10,2.2580000000000005,2.2353333333333336,2.2660000000000005,2.225333333333334,922500.0
2013-01-11,2.2693333333333334,2.194,2.2693333333333334,2.1406666666666667,1563200.0
2013-01-14,2.2053333333333334,2.2173333333333334,2.2253333333333334,2.19,925100.0
2013-01-15,2.207333333333333,2.26,2.283333333333333,2.2053333333333334,1624200.0
2013-01-16,2.256666666666667,2.2733333333333334,2.2819999999999996,2.2486666666666664,1378200.0
2013-01-17,2.277333333333333,2.2920000000000003,2.3233333333333333,2.2613333333333334,1436700.0
2013-01-18,2.3160000000000003,2.3013333333333335,2.3186666666666667,2.2546666666666666,3555100.0
2013-01-22,2.3040000000000003,2.3459999999999996,2.3699999999999997,2.284,1920200.0
2013-01-23,2.3346666666666667,2.4,2.416,2.3306666666666667,1564300.0
2013-01-24,2.4,2.466,2.5146666666666664,2.3893333333333335,1970400.0
2013-01-25,2.466666666666667,2.465333333333333,2.5026666666666664,2.453333333333333,1287800.0
2013-01-28,2.457333333333333,2.5353333333333334,2.5806666666666667,2.457333333333333,1986000.0
2013-01-29,2.54,2.5300000000000002,2.5626666666666664,2.4753333333333334,1426600.0
2013-01-30,2.5233333333333334,2.5013333333333336,2.533333333333333,2.4953333333333334,968100.0
2013-01-31,2.5246666666666666,2.5006666666666666,2.5246666666666666,2.4619999999999997,901400.0
2013-02-01,2.5446666666666666,2.5533333333333332,2.5666666666666664,2.508,1100600.0
2013-02-04,2.56,2.516,2.5613333333333332,2.5060000000000002,1128000.0
2013-02-05,2.533333333333333,2.5420000000000003,2.5766666666666667,2.512,1310200.0
2013-02-06,2.5453333333333332,2.6113333333333335,2.626,2.5269666666666666,1893200.0
2013-02-07,2.6126666666666667,2.6319999999999997,2.6453333333333333,2.5966666666666667,1196600.0
2013-02-08,2.6300000000000003,2.616,2.6666666666666665,2.6093333333333333,1139800.0
2013-02-11,2.5319999999999996,2.5613333333333332,2.61,2.5,3266300.0
2013-02-12,2.5633333333333335,2.5260000000000002,2.591333333333333,2.4859999999999998,2261300.0
2013-02-13,2.5533333333333332,2.5633333333333335,2.6,2.5366666666666666,966800.0
2013-02-14,2.576,2.5533333333333332,2.5833333333333335,2.5473333333333334,990700.0
2013-02-15,2.5666666666666664,2.469333333333333,2.567333333333333,2.4633333333333334,2017600.0
2013-02-19,2.490666666666667,2.618666666666667,2.619333333333333,2.4873333333333334,2701400.0
2013-02-20,2.6199999999999997,2.5693333333333332,2.643333333333333,2.564,3122000.0
2013-02-21,2.432666666666667,2.344,2.4926666666666666,2.3026666666666666,9037800.0
2013-02-22,2.381333333333333,2.4073333333333333,2.426,2.3733333333333335,2547300.0
2013-02-25,2.4099999999999997,2.2920000000000003,2.45,2.2893333333333334,2889400.0
2013-02-26,2.2973333333333334,2.2953333333333332,2.3306666666666667,2.253333333333333,2762900.0
2013-02-27,2.2939999999999996,2.3400000000000003,2.3606666666666665,2.293333333333333,1959200.0
2013-02-28,2.3926666666666665,2.322,2.4066666666666667,2.291333333333333,1964900.0
2013-03-01,2.3333333333333335,2.31,2.3386666666666667,2.283333333333333,1546600.0
2013-03-04,2.318,2.372,2.3886666666666665,2.3133333333333335,1757700.0
2013-03-05,2.4,2.4433333333333334,2.4613333333333336,2.386,2087000.0
2013-03-06,2.4673333333333334,2.5126666666666666,2.5253333333333337,2.4646666666666666,1150000.0
2013-03-07,2.515333333333333,2.5486666666666666,2.5766666666666667,2.458666666666667,1158300.0
2013-03-08,2.5373333333333337,2.5646666666666667,2.6293333333333333,2.490666666666667,912100.0
2013-03-11,2.591333333333333,2.606666666666667,2.6293333333333333,2.5766666666666667,1579500.0
2013-03-12,2.5933333333333333,2.6079999999999997,2.6253333333333333,2.59,1275100.0
2013-03-13,2.6,2.5986666666666665,2.6326666666666667,2.5873333333333335,822000.0
2013-03-14,2.5933333333333333,2.4566666666666666,2.594,2.4513333333333334,2021000.0
2013-03-15,2.4426666666666668,2.3526666666666665,2.4433333333333334,2.3473333333333333,3279600.0
2013-03-18,2.353333333333333,2.3433333333333333,2.404,2.3280000000000003,1316100.0
2013-03-19,2.35,2.3386666666666667,2.3733333333333335,2.329333333333333,1098500.0
2013-03-20,2.3506666666666667,2.396666666666667,2.4046666666666665,2.344,1423000.0
2013-03-21,2.396666666666667,2.4006666666666665,2.470666666666667,2.3826666666666667,1146300.0
2013-03-22,2.4133333333333336,2.441333333333333,2.453333333333333,2.4133333333333336,440200.0
2013-03-25,2.4733333333333336,2.5020000000000002,2.568,2.4513333333333334,2378800.0
2013-03-26,2.5319999999999996,2.524,2.548,2.5106666666666664,1808200.0
2013-03-27,2.529333333333333,2.5439999999999996,2.558666666666667,2.4873333333333334,1296300.0
2013-03-28,2.5486666666666666,2.5260000000000002,2.5493333333333332,2.5166666666666666,1158700.0
2013-04-01,2.824,2.9286666666666665,3.112,2.7800000000000002,14098500.0
2013-04-02,2.9066666666666667,2.9560000000000004,3.033333333333333,2.900673333333333,6652400.0
2013-04-03,2.8733333333333335,2.74,2.8979999999999997,2.6807000000000003,5643600.0
2013-04-04,2.740666666666667,2.8006666666666664,2.8166666666666664,2.7207333333333334,2264800.0
2013-04-05,2.8,2.758,2.8,2.7,1552400.0
2013-04-08,2.798,2.7886666666666664,2.83666,2.767333333333333,1679000.0
2013-04-09,2.7866666666666666,2.7,2.78866,2.6886666666666663,1696100.0
2013-04-10,2.7133333333333334,2.7906666666666666,2.8006666666666664,2.707333333333333,2121100.0
2013-04-11,2.8040000000000003,2.906,2.9699999999999998,2.783333333333333,3447400.0
2013-04-12,2.8833333333333333,2.9166666666666665,3.009266666666667,2.8699999999999997,3149400.0
2013-04-15,2.9,2.8866666666666663,2.92,2.8339999999999996,1681400.0
2013-04-16,2.9459999999999997,3.0393333333333334,3.076,2.927333333333333,3180400.0
2013-04-17,3.033333333333333,3.0300000000000002,3.0633333333333335,2.969333333333333,2118500.0
2013-04-18,3.0653333333333332,3.131333333333333,3.1732666666666662,3.0260066666666665,3367900.0
2013-04-19,3.164,3.1886666666666668,3.3253333333333335,3.138,3011700.0
2013-04-22,3.24,3.3459999999999996,3.3466666666666667,3.183333333333333,3939400.0
2013-04-23,3.4,3.4006666666666665,3.528,3.377333333333333,3733800.0
2013-04-24,3.393333333333333,3.362,3.403333333333333,3.265333333333333,2630000.0
2013-04-25,3.3666666666666667,3.466666666666667,3.493333333333333,3.3666666666666667,2795900.0
2013-04-26,3.5420000000000003,3.4133333333333336,3.582666666666667,3.3746666666666663,3622100.0
2013-04-29,3.4506666666666663,3.6626666666666665,3.666,3.4133333333333336,3639700.0
2013-04-30,3.7333333333333334,3.5993333333333335,3.8786666666666667,3.5839999999999996,5522600.0
2013-05-01,3.732666666666667,3.552,3.732666666666667,3.533333333333333,2742800.0
2013-05-02,3.59,3.6073333333333335,3.6846666666666668,3.58,3050400.0
2013-05-03,3.7646666666666664,3.6366666666666663,3.7646666666666664,3.6333333333333333,3378700.0
2013-05-06,3.759333333333333,3.966666666666667,3.977333333333333,3.6999999999999997,4366700.0
2013-05-07,4.133333333333333,3.7006666666666663,4.1579999999999995,3.6746666666666665,9991000.0
2013-05-08,3.8333333333333335,3.7190999999999996,3.8800000000000003,3.714,6769900.0
2013-05-09,4.674666666666667,4.626666666666667,5.051333333333333,4.2459999999999996,28605000.0
2013-05-10,4.6433333333333335,5.1175999999999995,5.4,4.616666666666666,25082600.0
2013-05-13,5.399333333333333,5.8533333333333335,5.866666666666666,5.276733333333333,22416900.0
2013-05-14,6.281333333333333,5.549333333333333,6.474666666666667,5.41,37163900.0
2013-05-15,5.453333333333333,5.656133333333333,5.792,5.207333333333334,16878700.0
2013-05-16,6.3133333333333335,6.149866666666667,6.333333333333333,5.910666666666667,21614000.0
2013-05-17,6.166666666666667,6.1,6.295993333333333,5.833333333333333,19002200.0
2013-05-20,6.074666666666667,5.9959999999999996,6.166666666666667,5.908666666666666,8348400.0
2013-05-21,5.9,5.839333333333333,5.9993333333333325,5.68534,8998200.0
2013-05-22,5.758,5.816,6.063999999999999,5.7,8568000.0
2013-05-23,5.653666666666667,6.182,6.200666666666667,5.536666666666666,12022200.0
2013-05-24,6.173333333333333,6.4719999999999995,6.53,6.133333333333333,16124200.0
2013-05-28,6.77,7.3556,7.383333333333333,6.6866666666666665,19691900.0
2013-05-29,7.569999999999999,6.975266666666667,7.66,6.6,25099500.0
2013-05-30,6.830666666666666,6.996666666666667,7.302666666666667,6.746666666666667,16133700.0
2013-05-31,7.0840000000000005,6.517333333333334,7.096,6.515333333333333,15172000.0
2013-06-03,6.508,6.172666666666667,6.508,5.883333333333333,19139600.0
2013-06-04,6.183333333333334,6.322666666666667,6.428,6.160006666666666,8856100.0
2013-06-05,6.244,6.3580000000000005,6.531326666666666,5.940666666666667,12224800.0
2013-06-06,6.35,6.489999999999999,6.617999999999999,6.3406666666666665,9510900.0
2013-06-07,6.533333333333333,6.802666666666667,6.86,6.446666666666666,10711600.0
2013-06-10,6.5953333333333335,6.67,6.834666666666666,6.571333333333333,9228600.0
2013-06-11,6.545333333333334,6.298,6.578666666666667,6.27,7394000.0
2013-06-12,6.453333333333333,6.515333333333333,6.698666666666667,6.383333333333333,9192700.0
2013-06-13,6.6,6.545333333333334,6.618666666666667,6.34134,5961600.0
2013-06-14,6.666666666666667,6.6866666666666665,6.834666666666666,6.622,6564700.0
2013-06-17,6.906666666666666,6.8133333333333335,6.983333333333333,6.746666666666667,7066200.0
2013-06-18,6.783333333333333,6.892666666666667,6.932,6.613333333333333,8795300.0
2013-06-19,6.804,6.978666666666667,7.1113333333333335,6.800666666666667,8578900.0
2013-06-20,6.976666666666667,6.71,7.1419999999999995,6.63,10106500.0
2013-06-21,6.913333333333333,6.636666666666667,6.913333333333333,6.5,11718600.0
2013-06-24,6.433333333333334,6.766,6.8580000000000005,6.3533333333333335,7119800.0
2013-06-25,6.873333333333333,6.826666666666667,6.946666666666666,6.703333333333333,5848700.0
2013-06-26,6.92,7.048,7.057993333333333,6.843999999999999,6602600.0
2013-06-27,7.116666666666666,7.283333333333333,7.35,7.075466666666667,8744900.0
2013-06-28,7.2379999999999995,7.157333333333333,7.295999999999999,7.114,5748600.0
2013-07-01,7.290666666666667,7.811933333333333,7.851333333333333,7.276666666666667,10903600.0
2013-07-02,7.883666666666667,7.854666666666666,8.126,7.7,12064100.0
2013-07-03,7.866666666666666,7.682666666666666,7.95,7.617999999999999,4806700.0
2013-07-05,7.887999999999999,8.006,8.018666666666666,7.713333333333334,6818700.0
2013-07-08,8.091333333333333,8.107333333333333,8.145326666666667,7.921333333333333,7814200.0
2013-07-09,8.309333333333333,8.23,8.354666666666667,8.127333333333333,8603300.0
2013-07-10,8.212666666666667,8.151333333333334,8.216666666666667,8.052666666666667,5600100.0
2013-07-11,8.325333333333333,8.374,8.406,8.156666666666666,7483600.0
2013-07-12,8.366666666666667,8.66,8.662666666666667,8.300666666666666,11344000.0
2013-07-15,8.868666666666666,8.484,8.883933333333331,8.454666666666666,9922400.0
2013-07-16,8.418666666666667,7.27,8.421333333333333,7.153333333333333,32371900.0
2013-07-17,7.101333333333335,8.016666666666667,8.108000000000002,6.966666666666668,26029000.0
2013-07-18,8.064666666666666,7.935333333333333,8.182,7.745333333333334,11398100.0
2013-07-19,7.8999999999999995,7.978666666666667,8.036666666666667,7.767333333333333,5890300.0
2013-07-22,7.992666666666667,8.162,8.445333333333334,7.992,9797800.0
2013-07-23,8.266666666666666,8.182666666666666,8.370666666666667,8.121333333333332,7736400.0
2013-07-24,8.298,8.113333333333333,8.3,7.970666666666666,6869000.0
2013-07-25,8.026666666666667,8.271333333333333,8.316666666666666,8.012666666666666,5284300.0
2013-07-26,8.542666666666666,8.626,8.712,8.440666666666667,9633100.0
2013-07-29,8.621333333333332,8.974666666666668,9.024666666666667,8.55,9678900.0
2013-07-30,8.986666666666668,8.782666666666668,9.166,8.545333333333334,13127000.0
2013-07-31,8.838,8.952,8.998333333333333,8.763333333333332,6351700.0
2013-08-01,9.0,9.036666666666667,9.101333333333335,8.842066666666666,5323600.0
2013-08-02,8.972666666666667,9.2,9.216666666666667,8.907333333333334,6269900.0
2013-08-05,9.334,9.645333333333333,9.659333333333333,9.31,10200700.0
2013-08-06,9.65,9.476666666666667,9.715333333333332,9.406666666666666,9254500.0
2013-08-07,9.459333333333332,8.948666666666666,9.463333333333333,8.824000000000002,18212200.0
2013-08-08,10.290333333333333,10.232,10.591999999999999,10.030666666666667,27246800.0
2013-08-09,10.16,10.2,10.396666666666667,10.083333333333334,8927700.0
2013-08-12,9.962,9.825333333333333,10.033333333333333,9.47,14912200.0
2013-08-13,9.966666666666667,9.695333333333334,9.989333333333333,9.629999999999999,8748900.0
2013-08-14,9.514666666666667,9.290666666666668,9.655993333333333,9.203333333333333,11693800.0
2013-08-15,9.09534,9.311333333333332,9.573326666666667,9.0,10179200.0
2013-08-16,9.442,9.466666666666667,9.5938,9.398,7108100.0
2013-08-19,9.561793333333332,9.66,9.825333333333333,9.522,8037700.0
2013-08-20,9.91,9.972000000000001,9.985333333333333,9.8,6418200.0
2013-08-21,10.0,9.857333333333335,10.020606666666666,9.75,6266300.0
2013-08-22,9.948,10.473333333333333,10.498666666666665,9.876,10592400.0
2013-08-23,10.466666666666667,10.789266666666666,10.82,10.333333333333334,12931900.0
2013-08-26,11.01,10.948,11.533333333333333,10.683333333333334,24171100.0
2013-08-27,10.82,11.133999999999999,11.253333333333334,10.730006666666666,17566900.0
2013-08-28,11.270666666666667,11.096666666666666,11.433333333333334,10.883333333333333,14740100.0
2013-08-29,10.947666666666667,11.070666666666666,11.183333333333334,10.834,9436000.0
2013-08-30,11.091333333333333,11.266666666666667,11.280666666666667,10.930666666666667,11028400.0
2013-09-03,11.56,11.262666666666666,11.579999999999998,11.093333333333334,12061100.0
2013-09-04,11.318000000000001,11.3748,11.441333333333333,11.037333333333333,11475700.0
2013-09-05,11.34,11.328666666666667,11.433333333333334,11.216666666666667,6685300.0
2013-09-06,11.238,11.131333333333334,11.313333333333333,11.01,8619700.0
2013-09-09,10.874666666666666,10.713333333333333,10.966666666666667,10.567333333333332,14344500.0
2013-09-10,10.763333333333332,11.091333333333333,11.166666666666666,10.708666666666666,8967800.0
2013-09-11,11.094,10.901333333333334,11.193000000000001,10.808666666666666,5832500.0
2013-09-12,10.933333333333334,10.995333333333333,11.117333333333333,10.700666666666667,6160000.0
2013-09-13,10.851333333333335,11.036,11.091333333333333,10.810666666666666,5401200.0
2013-09-16,11.2,11.105333333333334,11.389999999999999,11.056666666666667,7574900.0
2013-09-17,11.005333333333335,11.081999999999999,11.228,10.890733333333333,5496900.0
2013-09-18,11.138,11.081199999999999,11.163333333333332,10.946666666666665,5439700.0
2013-09-19,11.386666666666667,11.861333333333333,12.031333333333333,11.272,15594600.0
2013-09-20,11.926666666666668,12.225999999999999,12.388666666666667,11.904,13401700.0
2013-09-23,12.298666666666666,12.074000000000002,12.365333333333332,11.807333333333334,8173400.0
2013-09-24,11.942673333333332,12.155333333333335,12.330666666666668,11.843333333333334,6273400.0
2013-09-25,12.237333333333334,12.3492,12.42,12.033333333333333,8252700.0
2013-09-26,12.446666666666665,12.575999999999999,12.645333333333333,12.374066666666666,6614400.0
2013-09-27,12.501333333333333,12.726666666666667,12.752,12.428666666666667,5916400.0
2013-09-30,12.6,12.891333333333334,12.966666666666667,12.533333333333333,8924700.0
2013-10-01,12.930666666666667,12.866666666666667,12.948666666666666,12.558,7755900.0
2013-10-02,12.572666666666667,12.063333333333333,12.788666666666668,11.693333333333333,20775400.0
2013-10-03,11.669666666666666,11.554,11.979333333333333,11.2,23816500.0
2013-10-04,11.76,12.065333333333333,12.078666666666667,11.51,14414000.0
2013-10-07,12.164,12.204666666666666,12.448666666666666,12.017333333333333,11485600.0
2013-10-08,12.293333333333333,11.648666666666665,12.395333333333333,11.547333333333334,13757200.0
2013-10-09,11.648666666666665,11.252,11.666,10.766666666666666,15316500.0
2013-10-10,11.539333333333333,11.528666666666668,11.716666666666667,11.312666666666667,8883900.0
2013-10-11,11.516666666666666,11.913333333333332,11.952533333333333,11.413333333333332,8311100.0
2013-10-14,11.666666666666666,11.981333333333334,12.166666666666666,11.61,7769600.0
2013-10-15,12.352,12.262666666666666,12.585933333333333,12.212,10978500.0
2013-10-16,12.326666666666666,12.237333333333334,12.486666666666668,12.139333333333333,8205400.0
2013-10-17,12.235999999999999,12.1868,12.32,12.066,6705000.0
2013-10-18,12.276666666666667,12.226666666666667,12.397333333333334,12.168000000000001,5930800.0
2013-10-21,12.218666666666667,11.506666666666666,12.225999999999999,11.4,11532100.0
2013-10-22,11.366666666666667,11.436,11.852,11.074000000000002,11386700.0
2013-10-23,11.260666666666665,10.966666666666667,11.454,10.676666666666668,13320400.0
2013-10-24,11.0,11.543333333333333,11.633333333333333,10.855033333333333,10825700.0
2013-10-25,11.614,11.310666666666666,11.633333333333333,11.120000000000001,7595500.0
2013-10-28,11.345333333333334,10.857333333333335,11.366666666666667,10.813333333333333,7841700.0
2013-10-29,10.850666666666665,10.964666666666666,11.02972,10.2,14111700.0
2013-10-30,10.975333333333333,10.614666666666666,11.17866,10.544666666666666,8401800.0
2013-10-31,10.377999999999998,10.662666666666667,10.829333333333333,10.22,9333800.0
2013-11-01,10.866666666666667,10.811333333333332,11.06,10.693999999999999,7180600.0
2013-11-04,11.0,11.68,11.69266,10.948,13120400.0
2013-11-05,12.0,11.787333333333333,12.095333333333334,11.424006666666665,22467100.0
2013-11-06,10.320666666666666,10.077333333333334,10.715333333333332,9.757,31071700.0
2013-11-07,9.612666666666666,9.318133333333332,9.71,9.174666666666667,22284700.0
2013-11-08,9.098666666666666,9.196666666666665,9.373333333333333,8.821333333333333,22477900.0
2013-11-11,9.4,9.646533333333334,9.694666666666667,9.139999999999999,13997600.0
2013-11-12,9.645999999999999,9.186666666666667,9.646666666666667,9.078666666666667,14985200.0
2013-11-13,9.389333333333333,9.246666666666666,9.491333333333333,9.0895,12658300.0
2013-11-14,9.261333333333335,9.173333333333334,9.360000000000003,8.940733333333334,12203700.0
2013-11-15,9.123333333333333,9.03,9.196666666666665,8.956666666666667,9900200.0
2013-11-18,9.018,8.105333333333332,9.03,7.974,23138200.0
2013-11-19,7.962000000000001,8.406,8.6,7.9479999999999995,19816200.0
2013-11-20,8.405333333333333,8.074,8.496666666666666,7.937333333333333,13849600.0
2013-11-21,8.192666666666666,8.139999999999999,8.319266666666667,8.016666666666666,11903800.0
2013-11-22,8.105333333333334,8.092,8.183333333333335,7.862000000000002,11096700.0
2013-11-25,8.3,8.056000000000001,8.389333333333333,8.02,10267300.0
2013-11-26,7.958666666666666,8.033333333333333,8.181333333333333,7.739999999999999,13885500.0
2013-11-27,8.106666666666666,8.462666666666667,8.463333333333333,7.968,12367600.0
2013-11-29,8.651333333333334,8.485333333333333,8.706,8.465333333333334,9716200.0
2013-12-02,8.423333333333332,8.278,8.57,8.262066666666666,7751200.0
2013-12-03,8.845333333333334,9.646666666666667,9.662666666666667,8.772666666666666,25682400.0
2013-12-04,9.621333333333332,9.263333333333332,9.628666666666668,9.142,13147700.0
2013-12-05,9.343333333333334,9.365333333333332,9.556666666666667,9.3,9288400.0
2013-12-06,9.434,9.157333333333334,9.499333333333334,9.086666666666668,7909600.0
2013-12-09,9.133333333333333,9.44,9.446666666666665,8.947333333333333,9061500.0
2013-12-10,9.336666666666668,9.479333333333333,9.724666666666668,9.324000000000002,10748200.0
2013-12-11,9.458666666666666,9.31,9.536666666666667,9.299333333333333,7137800.0
2013-12-12,9.313333333333333,9.831333333333333,9.882666666666667,9.235333333333333,10767800.0
2013-12-13,9.870000000000001,9.8436,10.120000000000001,9.821333333333333,10591900.0
2013-12-16,9.898666666666665,9.862666666666666,10.028666666666666,9.74,6675300.0
2013-12-17,9.838666666666667,10.164,10.308666666666666,9.7549,10495000.0
2013-12-18,10.149333333333335,9.865333333333332,10.326666666666666,9.729999999999999,11581900.0
2013-12-19,9.793333333333333,9.381333333333334,9.8,9.273333333333333,12740000.0
2013-12-20,9.438666666666668,9.549333333333333,9.623333333333333,9.438666666666668,7412600.0
2013-12-23,9.656666666666666,9.57,9.749333333333334,9.506733333333333,5385500.0
2013-12-24,10.0,10.094,10.331333333333333,9.988,9941500.0
2013-12-26,10.335999999999999,10.366666666666667,10.533333333333333,10.286,7129500.0
2013-12-27,10.353333333333333,10.074666666666667,10.36666,10.053333333333335,5460200.0
2013-12-30,10.074666666666667,10.162666666666667,10.320666666666666,10.05,4467500.0
2013-12-31,10.154666666666666,10.0286,10.213333333333333,9.910733333333333,4262400.0
2014-01-02,9.986666666666668,10.006666666666666,10.165126666666666,9.770000000000001,6188400.0
2014-01-03,10.0,9.970666666666666,10.145999999999999,9.906733333333333,4695000.0
2014-01-06,10.0,9.8,10.026666666666667,9.682666666666668,5361100.0
2014-01-07,9.841333333333333,9.957333333333334,10.026666666666667,9.683333333333334,5034100.0
2014-01-08,9.923333333333332,10.085333333333333,10.246666666666666,9.917333333333332,6163200.0
2014-01-09,10.166666666666666,9.835333333333333,10.228666666666667,9.79,5382000.0
2014-01-10,9.897333333333334,9.71466,9.926666666666668,9.483333333333333,7446100.0
2014-01-13,9.718666666666667,9.289333333333333,9.8,9.187999999999999,6316100.0
2014-01-14,9.366666666666667,10.751333333333333,10.8,9.1114,27607000.0
2014-01-15,11.229999999999999,10.942,11.482,10.806666666666667,20465600.0
2014-01-16,10.833333333333334,11.398,11.513333333333332,10.826666666666666,11959400.0
2014-01-17,11.346,11.334,11.546666666666665,11.196666666666665,9206200.0
2014-01-21,11.416,11.778666666666668,11.819333333333333,11.387333333333334,9734700.0
2014-01-22,11.854,11.904,12.021266666666666,11.650666666666666,7022600.0
2014-01-23,11.815333333333333,12.1,12.158666666666667,11.561333333333332,7867400.0
2014-01-24,11.856666666666666,11.639999999999999,12.032,11.568733333333334,7664300.0
2014-01-27,11.677333333333333,11.308,11.861333333333333,10.980666666666668,8716400.0
2014-01-28,11.433333333333334,11.892,11.931999999999999,11.4,6093400.0
2014-01-29,11.686666666666667,11.681999999999999,11.939333333333334,11.542066666666667,5935500.0
2014-01-30,11.866666666666667,12.189333333333334,12.318666666666667,11.800666666666666,8565000.0
2014-01-31,11.923333333333332,12.094,12.4,11.900973333333333,6508800.0
2014-02-03,12.192666666666666,11.807333333333334,12.325313333333334,11.677333333333333,6764900.0
2014-02-04,12.046666666666665,11.915333333333333,12.106666666666666,11.746666666666666,4686300.0
2014-02-05,11.886666666666667,11.627999999999998,12.039333333333333,11.290666666666667,7268000.0
2014-02-06,11.753333333333334,11.892,12.007333333333333,11.733333333333333,5841600.0
2014-02-07,12.067333333333332,12.435333333333334,12.442,11.973333333333333,8928500.0
2014-02-10,12.622666666666667,13.104000000000001,13.286666666666667,12.621333333333332,12970700.0
2014-02-11,13.279333333333334,13.108,13.479999999999999,12.846666666666666,10709900.0
2014-02-12,13.052,13.021333333333333,13.217933333333333,12.954666666666666,5173700.0
2014-02-13,12.889333333333333,13.308666666666666,13.514666666666667,12.883333333333333,8029300.0
2014-02-14,13.206666666666665,13.215333333333332,13.458666666666666,13.133333333333333,6158000.0
2014-02-18,13.682933333333333,13.58,13.733333333333333,13.424006666666665,9332800.0
2014-02-19,13.579999999999998,12.909333333333333,13.579999999999998,12.894,16169000.0
2014-02-20,14.334,13.998,14.347333333333333,13.751333333333333,18002300.0
2014-02-21,14.109333333333332,13.973333333333333,14.265333333333333,13.946,7818800.0
2014-02-24,13.917326666666666,14.51,14.557333333333334,13.888,8278400.0
2014-02-25,15.333333333333336,16.533333333333335,17.28,15.230000000000002,32681700.0
2014-02-26,17.238666666666667,16.866666666666667,17.666666666666668,16.5,24604600.0
2014-02-27,17.416666666666668,16.836,17.459999999999997,16.555333333333333,17945800.0
2014-02-28,16.643333333333334,16.320666666666668,16.845333333333333,16.17,14589800.0
2014-03-03,15.817333333333332,16.704,16.776666666666667,15.666,13089300.0
2014-03-04,17.232,16.989333333333335,17.333333333333332,16.855333333333334,8745600.0
2014-03-05,17.11466666666667,16.844,17.132666666666665,16.78666666666667,5935700.0
2014-03-06,16.942666666666664,16.862666666666666,17.166666666666668,16.63,7361100.0
2014-03-07,16.862666666666666,16.414,16.99,16.294,7812300.0
2014-03-10,16.18,15.922666666666666,16.2,15.737333333333334,7728100.0
2014-03-11,15.766666666666666,15.627333333333333,16.306666666666665,15.49508,8810100.0
2014-03-12,15.433333333333334,16.099333333333334,16.5,15.407333333333334,9754400.0
2014-03-13,16.252666666666666,15.852666666666666,16.279333333333334,15.6,6236300.0
2014-03-14,15.686,15.398,15.795766666666665,15.221333333333332,8289700.0
2014-03-17,15.663333333333332,15.598666666666666,15.862,15.366666666666667,5912600.0
2014-03-18,15.796666666666665,16.002666666666666,16.1,15.668000000000001,6242300.0
2014-03-19,16.092666666666666,15.722666666666667,16.103333333333335,15.567333333333332,5071300.0
2014-03-20,15.744,15.660666666666666,15.95,15.557333333333334,3817900.0
2014-03-21,15.734666666666667,15.259333333333332,15.746666666666666,15.166666666666666,8216900.0
2014-03-24,15.316666666666666,14.677999999999999,15.326666666666666,14.018,11328800.0
2014-03-25,14.942666666666666,14.696,15.136666666666667,14.526666666666667,7865400.0
2014-03-26,14.796666666666665,14.197333333333335,14.84,14.090006666666666,6907300.0
2014-03-27,14.158,13.821333333333333,14.24,13.533333333333333,9495700.0
2014-03-28,14.186666666666667,14.158,14.448,14.018,9684800.0
2014-03-31,14.433333333333334,13.896666666666667,14.45,13.759333333333332,8380000.0
2014-04-01,13.934666666666667,14.464666666666666,14.543999999999999,13.905333333333333,7371400.0
2014-04-02,14.666666666666666,15.352666666666666,15.392666666666665,14.536666666666667,10782300.0
2014-04-03,15.353333333333333,15.026666666666667,15.715333333333332,14.799999999999999,10923700.0
2014-04-04,15.067333333333332,14.148333333333333,15.218,14.083333333333334,11345600.0
2014-04-07,13.720666666666666,13.834666666666667,14.413333333333332,13.567333333333332,9855500.0
2014-04-08,14.003333333333334,14.364,14.43266,13.761333333333333,6889300.0
2014-04-09,14.450666666666665,14.462,14.563333333333333,14.059333333333333,5157900.0
2014-04-10,14.454666666666666,13.612666666666666,14.5,13.586006666666666,7211500.0
2014-04-11,13.374,13.585333333333333,13.799999999999999,13.24,9067200.0
2014-04-14,13.84,13.206,13.895999999999999,12.960666666666667,7703000.0
2014-04-15,13.272666666666666,12.927333333333333,13.286,12.288,13659300.0
2014-04-16,13.133333333333333,13.274000000000001,13.332666666666666,12.721333333333332,7202200.0
2014-04-17,13.307333333333334,13.208,13.485999999999999,12.938666666666668,5926800.0
2014-04-21,13.138666666666667,13.625333333333334,13.746666666666666,12.933333333333334,5258200.0
2014-04-22,13.757333333333333,14.575999999999999,14.622,13.667333333333332,9804700.0
2014-04-23,14.422,13.866000000000001,14.449333333333334,13.799999999999999,7295600.0
2014-04-24,14.054,13.857333333333335,14.186666666666667,13.546666666666665,5495200.0
2014-04-25,13.466666666666667,13.323333333333332,13.78,13.176666666666668,6996700.0
2014-04-28,13.333333333333334,13.234,13.585993333333333,12.7,7042000.0
2014-04-29,13.214,13.794666666666666,13.809933333333333,13.03534,5779100.0
2014-04-30,13.573333333333332,13.859333333333332,13.877333333333333,13.418666666666667,4440600.0
2014-05-01,13.805333333333333,13.848666666666666,14.268,13.712666666666665,5439900.0
2014-05-02,13.906666666666666,14.060666666666666,14.090666666666667,13.768,4086800.0
2014-05-05,13.965333333333332,14.440666666666667,14.512666666666666,13.901333333333334,5147000.0
2014-05-06,14.44,13.818666666666667,14.577306666666667,13.79,5636700.0
2014-05-07,13.975999999999999,13.423333333333334,14.013333333333332,13.15,10179300.0
2014-05-08,12.133333333333333,11.906,12.96,11.866666666666667,20056600.0
2014-05-09,11.990666666666668,12.150666666666666,12.226666666666667,11.814666666666666,8495200.0
2014-05-12,12.258000000000001,12.311333333333332,12.479333333333333,11.991999999999999,7002300.0
2014-05-13,12.250666666666666,12.677333333333333,12.756,12.2,7097200.0
2014-05-14,12.596666666666666,12.708,12.898666666666665,12.473333333333333,5406700.0
2014-05-15,12.665333333333333,12.572666666666667,12.843993333333332,12.353333333333333,6040400.0
2014-05-16,12.596666666666666,12.770666666666667,12.802666666666665,12.514666666666667,4487700.0
2014-05-19,12.714666666666666,13.072666666666667,13.126,12.666666666666666,4571700.0
2014-05-20,13.129333333333333,13.020000000000001,13.288666666666668,12.87134,5546100.0
2014-05-21,13.078666666666667,13.296666666666665,13.324666666666667,12.985999999999999,5285400.0
2014-05-22,13.356666666666666,13.658666666666667,13.792,13.304026666666665,6214500.0
2014-05-23,13.635333333333334,13.82,13.850666666666665,13.5,4006800.0
2014-05-27,13.901333333333334,14.104000000000001,14.258000000000001,13.846666666666666,5341100.0
2014-05-28,14.001333333333333,14.016,14.184666666666667,13.684,5495100.0
2014-05-29,14.037999999999998,14.016,14.166,13.847999999999999,3692500.0
2014-05-30,14.020000000000001,13.851333333333335,14.32,13.801333333333334,5581100.0
2014-06-02,13.822000000000001,13.646666666666667,13.956666666666665,13.444666666666665,4655100.0
2014-06-03,13.566,13.662666666666667,13.866666666666667,13.506,3860800.0
2014-06-04,13.623333333333333,13.599333333333334,13.750666666666666,13.359733333333333,3427400.0
2014-06-05,13.631333333333332,13.793333333333333,13.946666666666665,13.603333333333333,4054600.0
2014-06-06,13.983333333333333,13.878066666666665,14.054,13.812,3073800.0
2014-06-09,13.863333333333332,13.687333333333333,13.999333333333334,13.613333333333332,2805700.0
2014-06-10,13.628666666666668,13.486666666666668,13.798,13.436666666666667,3514700.0
2014-06-11,13.433333333333334,13.631333333333334,13.666666666666666,13.2834,3977500.0
2014-06-12,13.673333333333332,13.568000000000001,13.991999999999999,13.514000000000001,5993700.0
2014-06-13,13.652,13.761333333333333,13.786,13.438933333333333,3544300.0
2014-06-16,13.783999999999999,14.974,15.032666666666668,13.750666666666666,13193100.0
2014-06-17,14.940666666666667,15.444666666666667,15.702666666666666,14.856666666666666,13246700.0
2014-06-18,15.433333333333334,15.141333333333334,15.447333333333333,15.074666666666667,6940200.0
2014-06-19,15.258666666666667,15.186,15.687333333333333,15.133333333333333,8793100.0
2014-06-20,15.234666666666667,15.306000000000001,15.419333333333332,15.079999999999998,4903900.0
2014-06-23,15.300666666666666,15.814666666666666,15.932666666666668,15.214666666666666,7791100.0
2014-06-24,15.931333333333333,15.5,16.125333333333334,15.441853333333334,8075900.0
2014-06-25,15.536666666666667,15.792733333333333,15.836666666666668,15.349333333333334,5801600.0
2014-06-26,15.811333333333332,15.706666666666667,16.026666666666667,15.614066666666668,5121400.0
2014-06-27,15.645999999999999,15.937333333333333,16.0,15.63334,5635000.0
2014-06-30,15.97,16.004,16.299333333333333,15.933333333333334,4828600.0
2014-07-01,16.164,15.981333333333334,16.229333333333333,15.913333333333332,4336100.0
2014-07-02,16.044,15.295,16.155333333333335,15.138,8027400.0
2014-07-03,15.419333333333332,15.283333333333333,15.459893333333333,14.933333333333334,5166700.0
2014-07-07,15.166666666666666,14.844,15.318666666666667,14.693333333333333,5893700.0
2014-07-08,14.576666666666666,14.604666666666667,14.730666666666666,14.284666666666666,7836200.0
2014-07-09,14.751333333333333,14.870666666666667,14.948,14.614,4115400.0
2014-07-10,14.478666666666667,14.630666666666666,14.814666666666666,14.402666666666667,4863900.0
2014-07-11,14.707333333333334,14.542,14.773333333333333,14.506666666666666,3302300.0
2014-07-14,14.666,15.113333333333333,15.252666666666666,14.363346666666667,7203200.0
2014-07-15,15.115333333333332,14.638666666666667,15.176666666666668,14.54,5718500.0
2014-07-16,14.787999999999998,14.477333333333332,14.986666666666666,14.454666666666666,4044500.0
2014-07-17,14.410666666666666,14.360000000000001,14.703333333333333,14.24,4649400.0
2014-07-18,14.396666666666667,14.668006666666667,14.747333333333334,14.395333333333333,4253700.0
2014-07-21,14.483333333333333,14.702666666666666,14.880666666666666,14.448,3822200.0
2014-07-22,14.812666666666667,14.638666666666667,14.886666666666667,14.60742,2730000.0
2014-07-23,14.667333333333332,14.832666666666666,14.983333333333333,14.628666666666668,3083300.0
2014-07-24,14.883333333333333,14.902666666666667,15.006666666666666,14.72,3245500.0
2014-07-25,14.847999999999999,14.904666666666666,15.131333333333332,14.783333333333333,3087100.0
2014-07-28,14.95,14.988,15.466666666666667,14.760133333333332,6514300.0
2014-07-29,15.107333333333335,15.000666666666666,15.22,14.990666666666668,3382400.0
2014-07-30,14.794666666666666,15.261333333333333,15.306666666666667,14.735999999999999,4917600.0
2014-07-31,15.283999999999999,14.886666666666667,15.426666666666668,14.766666666666666,7678300.0
2014-08-01,15.072666666666667,15.551333333333334,15.833333333333334,15.066666666666666,11895800.0
2014-08-04,15.625333333333332,15.901333333333334,16.03333333333333,15.551333333333334,5959700.0
2014-08-05,15.831333333333333,15.899333333333335,16.199333333333335,15.712666666666665,5371300.0
2014-08-06,15.926666666666668,16.59534,16.761333333333333,15.905333333333333,9235500.0
2014-08-07,16.674666666666667,16.826,17.11253333333333,16.608,7464700.0
2014-08-08,16.744,16.541999999999998,16.784,16.433333333333334,5090100.0
2014-08-11,17.032,17.288,17.582666666666668,17.0,8072500.0
2014-08-12,17.205333333333332,17.330666666666666,17.353333333333335,16.972006666666665,6382300.0
2014-08-13,17.467333333333332,17.354,17.709333333333333,17.307333333333332,6919000.0
2014-08-14,17.499333333333333,17.425333333333334,17.53333333333333,17.236,4122800.0
2014-08-15,17.432000000000002,17.467333333333332,17.472666666666665,17.233333333333334,3857500.0
2014-08-18,17.55,17.329333333333334,17.817333333333334,17.316666666666666,5836800.0
2014-08-19,17.258,17.11733333333333,17.288666666666664,16.77466666666667,5334800.0
2014-08-20,16.977999999999998,17.047333333333334,17.249333333333333,16.866666666666667,3015500.0
2014-08-21,17.101333333333333,16.956,17.253333333333334,16.884,2915600.0
2014-08-22,16.96933333333333,17.118666666666666,17.129993333333335,16.840666666666667,2833400.0
2014-08-25,17.212666666666667,17.503333333333334,17.578666666666667,17.212666666666667,4308000.0
2014-08-26,17.665333333333333,17.449333333333335,17.7,17.444000000000003,3818000.0
2014-08-27,17.566666666666666,17.55,17.616,17.352666666666668,2985100.0
2014-08-28,17.459333333333333,17.590666666666667,17.632,17.442666666666664,2844900.0
2014-08-29,17.913333333333334,17.98,18.133333333333333,17.834,6447100.0
2014-09-02,18.366666666666667,18.941333333333333,18.992666666666665,18.28666666666667,9804100.0
2014-09-03,19.178,18.746,19.2,18.673333333333336,6772300.0
2014-09-04,18.933999999999997,19.069333333333336,19.428,18.69333333333333,8315700.0
2014-09-05,18.836666666666666,18.492666666666665,18.86,18.167333333333332,11169900.0
2014-09-08,18.508,18.807333333333336,18.992,18.50151333333333,5501600.0
2014-09-09,18.866,18.565333333333335,19.032666666666668,18.466666666666665,4558800.0
2014-09-10,18.633333333333333,18.740000000000002,18.76066666666667,18.244,3781300.0
2014-09-11,18.697333333333333,18.687333333333335,18.986,18.575333333333333,3766100.0
2014-09-12,18.7,18.613333333333333,18.826,18.466666666666665,3324600.0
2014-09-15,18.291333333333334,16.924,18.293333333333333,16.608666666666664,16455400.0
2014-09-16,17.010000000000005,17.38266666666667,17.497333333333334,16.828000000000003,8300100.0
2014-09-17,17.494,17.425333333333334,17.646666666666665,17.3,5177700.0
2014-09-18,17.557333333333332,17.588,17.706666666666667,17.488,3692600.0
2014-09-19,17.199333333333335,17.288,17.42866666666667,17.018,6810900.0
2014-09-22,17.0,16.668666666666667,17.067999999999998,16.314,8214100.0
2014-09-23,16.348,16.694,16.92,16.333333333333332,5658700.0
2014-09-24,16.741333333333333,16.80933333333333,16.856,16.46933333333333,3739005.0
2014-09-25,16.834666666666667,16.46333333333333,16.997333333333334,16.406666666666666,4828483.0
2014-09-26,16.550000000000004,16.44,16.64866666666667,16.40466666666667,3798841.0
2014-09-29,16.266666666666666,16.350666666666665,16.576,16.092,4854687.0
2014-09-30,16.461333333333332,16.17866666666667,16.51,16.008326666666665,4248127.0
2014-10-01,16.146666666666665,16.016000000000002,16.177333333333333,15.71,5946510.0
2014-10-02,16.68,16.761333333333333,16.852666666666664,16.357333333333333,9002001.0
2014-10-03,16.870666666666665,17.014,17.1,16.735533333333333,5408665.0
2014-10-06,17.275333333333332,17.374666666666666,17.499333333333333,17.186666666666667,7719055.0
2014-10-07,17.23533333333333,17.304666666666666,17.430666666666664,17.048666666666666,4491569.0
2014-10-08,17.34,17.28533333333333,17.525333333333332,16.842666666666666,5062615.0
2014-10-09,17.483333333333334,17.134,17.70266666666667,16.96,7361316.0
2014-10-10,16.30933333333333,15.794,16.392666666666667,15.68,12898275.0
2014-10-13,15.904666666666666,14.972666666666667,15.930853333333332,14.733333333333333,11276552.0
2014-10-14,15.216666666666667,15.137333333333334,15.498,14.866666666666667,7112339.0
2014-10-15,14.666666666666666,15.313333333333333,15.399333333333333,14.488,9151648.0
2014-10-16,14.648,15.09,15.328,14.606666666666666,5404565.0
2014-10-17,15.558666666666666,15.165333333333333,15.651333333333334,15.103333333333333,10551850.0
2014-10-20,15.114666666666666,15.364666666666666,15.493333333333334,15.033999999999999,3499686.0
2014-10-21,15.618,15.689333333333334,15.692666666666666,15.386666666666667,4130345.0
2014-10-22,15.546,15.406666666666666,15.825999999999999,15.370666666666667,4123397.0
2014-10-23,15.643666666666666,15.686,15.752,15.466666666666667,3499882.0
2014-10-24,15.751333333333333,15.682666666666668,15.853333333333333,15.413333333333332,3466927.0
2014-10-27,15.616666666666667,14.777999999999999,15.640666666666668,14.687333333333333,9553348.0
2014-10-28,15.306666666666667,16.18466666666667,16.306666666666665,15.216666666666667,10516297.0
2014-10-29,16.075333333333333,15.873333333333333,16.1,15.709333333333332,4967640.0
2014-10-30,15.876,15.910666666666666,16.03333333333333,15.670666666666667,3228371.0
2014-10-31,16.167333333333332,16.113333333333333,16.208,15.916666666666666,3775327.0
2014-11-03,16.2,16.172666666666668,16.504,16.088,4207268.0
2014-11-04,16.032666666666668,15.928666666666667,16.156666666666666,15.768666666666666,3682572.0
2014-11-05,16.066666666666666,15.398,16.090666666666667,15.368666666666666,9045925.0
2014-11-06,15.632666666666667,16.081333333333333,16.445999999999998,15.233333333333333,15354717.0
2014-11-07,16.146,16.013333333333332,16.189326666666666,15.813333333333333,5161023.0
2014-11-10,15.940666666666667,16.128666666666668,16.192,15.786666666666667,4577208.0
2014-11-11,16.17,16.738666666666667,16.788,16.133333333333333,7952565.0
2014-11-12,16.648,16.606666666666666,16.822666666666667,16.372,5870818.0
2014-11-13,16.708,16.779999999999998,17.05,16.683333333333334,6236036.0
2014-11-14,16.666666666666668,17.245333333333335,17.256666666666668,16.566666666666666,6101145.0
2014-11-17,17.166,16.932,17.266666666666666,16.801333333333332,4025695.0
2014-11-18,17.057333333333332,17.18,17.332666666666668,17.034,4474294.0
2014-11-19,16.707333333333334,16.516000000000002,16.791999999999998,16.37333333333333,7918486.0
2014-11-20,16.529999999999998,16.580666666666666,16.728666666666665,16.4,3587220.0
2014-11-21,16.814,16.185333333333332,16.852,16.144666666666666,7485059.0
2014-11-24,16.346666666666664,16.448,16.506666666666668,16.042666666666666,4789708.0
2014-11-25,16.490000000000002,16.539333333333335,16.648000000000003,16.406033333333337,3159804.0
2014-11-26,16.556,16.562666666666665,16.6,16.44002,1981819.0
2014-11-28,16.35666666666667,16.301333333333336,16.445993333333337,16.168000000000003,2119688.0
2014-12-01,16.077333333333332,15.442666666666666,16.164666666666665,15.267333333333333,8619351.0
2014-12-02,15.638,15.428666666666667,15.658666666666667,15.2,5887046.0
2014-12-03,15.083333333333334,15.286666666666667,15.314666666666666,15.033333333333333,5307733.0
2014-12-04,15.24,15.218666666666667,15.393333333333333,15.187333333333333,3879208.0
2014-12-05,15.244666666666665,14.914,15.2926,14.817333333333332,6063619.0
2014-12-08,14.769333333333332,14.290666666666668,14.990666666666668,14.156,9225619.0
2014-12-09,13.956,14.459333333333332,14.515293333333332,13.618,9431502.0
2014-12-10,14.275333333333332,13.989333333333333,14.451333333333334,13.846666666666666,7314139.0
2014-12-11,14.035333333333334,13.925333333333333,14.362,13.882,6694398.0
2014-12-12,13.654666666666666,13.8,14.112,13.633333333333333,7173782.0
2014-12-15,13.952666666666666,13.602666666666666,13.986666666666666,13.511333333333333,5218252.0
2014-12-16,13.392666666666665,13.187333333333333,13.578666666666667,13.024666666666667,8426105.0
2014-12-17,12.870666666666667,13.721333333333332,13.776666666666667,12.843333333333334,7367834.0
2014-12-18,14.158666666666667,14.550666666666666,14.562666666666667,14.120000000000001,7483349.0
2014-12-19,14.679333333333332,14.619333333333334,14.693333333333333,14.299999999999999,6910461.0
2014-12-22,14.666666666666666,14.84,14.937333333333333,14.550666666666666,4806917.0
2014-12-23,14.920666666666667,14.731333333333334,14.954333333333333,14.634946666666666,4513321.0
2014-12-24,14.651333333333334,14.817333333333332,14.833333333333334,14.616666666666667,1333518.0
2014-12-26,14.767333333333333,15.187999999999999,15.233333333333333,14.766666666666666,3327016.0
2014-12-29,15.126666666666667,15.047333333333334,15.193999999999999,14.934666666666667,2811828.0
2014-12-30,14.932666666666668,14.815333333333333,15.0436,14.76,2903242.0
2014-12-31,14.872666666666667,14.827333333333334,15.045333333333334,14.816666666666666,2402097.0
2015-01-02,14.858,14.620666666666667,14.883333333333333,14.217333333333332,4764443.0
2015-01-05,14.303333333333335,14.006,14.433333333333334,13.810839999999999,5368477.0
2015-01-06,14.004,14.085333333333333,14.28,13.614,6261936.0
2015-01-07,14.223333333333333,14.063333333333333,14.318666666666667,13.985333333333333,2968390.0
2015-01-08,14.187333333333333,14.041,14.253326666666666,14.000666666666666,3442509.0
2015-01-09,13.927999999999999,13.777333333333333,13.998666666666665,13.664,4580722.0
2015-01-12,13.536666666666667,13.480666666666668,13.631333333333332,13.283333333333333,5950280.0
2015-01-13,13.554666666666666,13.616666666666667,13.840666666666667,13.394066666666667,4477320.0
2015-01-14,12.388666666666667,12.846,13.013333333333332,12.333333333333334,11551855.0
2015-01-15,12.966000000000001,12.791333333333334,13.049993333333333,12.666666666666666,5216524.0
2015-01-16,12.713333333333333,12.871333333333332,12.966000000000001,12.643333333333334,3603158.0
2015-01-20,12.924666666666667,12.795333333333334,12.941326666666667,12.469333333333333,4503182.0
2015-01-21,12.636666666666667,13.104666666666667,13.245333333333333,12.633999999999999,4153043.0
2015-01-22,13.133333333333333,13.441333333333334,13.549333333333333,13.013333333333332,4116905.0
2015-01-23,13.352666666666666,13.419333333333332,13.566666666666666,13.222000000000001,3442371.0
2015-01-26,13.455333333333334,13.770000000000001,13.908,13.403333333333334,3234522.0
2015-01-27,13.627999999999998,13.732,13.868666666666666,13.553333333333335,2781024.0
2015-01-28,13.740666666666668,13.291333333333334,13.757866666666667,13.228,3149606.0
2015-01-29,13.404666666666666,13.68,13.732,13.1,3548106.0
2015-01-30,13.597333333333333,13.573333333333332,13.831333333333333,13.533333333333333,3006959.0
2015-02-02,13.597999999999999,14.062666666666667,14.129993333333333,13.553333333333335,4149186.0
2015-02-03,14.214666666666666,14.557333333333334,14.691333333333333,14.084666666666667,4826244.0
2015-02-04,14.552666666666665,14.57,14.765266666666667,14.453333333333333,3305377.0
2015-02-05,14.658666666666667,14.732666666666667,15.031999999999998,14.642533333333333,3522947.0
2015-02-06,14.799999999999999,14.490666666666668,14.893333333333333,14.43334,3243931.0
2015-02-09,14.358666666666666,14.498666666666667,14.528666666666666,14.132666666666667,3472423.0
2015-02-10,14.503333333333334,14.419333333333332,14.7,14.333333333333334,5390542.0
2015-02-11,14.147333333333334,14.186666666666667,14.316,13.818666666666667,9769102.0
2015-02-12,12.904666666666666,13.525333333333332,13.539213333333333,12.885333333333334,15649607.0
2015-02-13,13.526666666666667,13.584666666666667,13.732666666666667,13.394,6191003.0
2015-02-17,13.713333333333333,13.623333333333333,13.713333333333333,13.433333333333334,3979647.0
2015-02-18,13.611333333333333,13.630666666666666,13.744666666666665,13.506666666666666,2713598.0
2015-02-19,13.666666666666666,14.113666666666667,14.162666666666667,13.583333333333334,5154148.0
2015-02-20,14.052,14.474,14.506666666666666,13.987333333333334,5982089.0
2015-02-23,14.377333333333333,13.822333333333335,14.546666666666665,13.755333333333335,8499775.0
2015-02-24,13.819333333333333,13.607333333333335,13.819333333333333,13.446666666666665,6603560.0
2015-02-25,13.662666666666667,13.584,13.809333333333333,13.505333333333335,3909520.0
2015-02-26,13.6,13.812666666666667,14.072666666666667,13.481333333333334,6472855.0
2015-02-27,13.793333333333333,13.556000000000001,13.903333333333334,13.520000000000001,3882084.0
2015-03-02,13.513333333333332,13.155,13.556,13.055,7922065.0
2015-03-03,13.120666666666667,13.304,13.349566666666668,13.021333333333333,4432329.0
2015-03-04,13.283333333333333,13.495666666666667,13.501333333333333,13.147333333333334,4221962.0
2015-03-05,13.523333333333333,13.375333333333334,13.746,13.343333333333334,4877015.0
2015-03-06,13.280666666666667,12.925333333333333,13.383333333333333,12.810066666666668,6712438.0
2015-03-09,12.959333333333332,12.725333333333333,12.966000000000001,12.55,6736724.0
2015-03-10,12.564,12.687999999999999,12.9,12.506666666666666,5579691.0
2015-03-11,12.743333333333334,12.916,13.078666666666667,12.734,4974871.0
2015-03-12,12.916666666666666,12.738,12.963333333333333,12.65,4149294.0
2015-03-13,12.596666666666666,12.578666666666667,12.783333333333333,12.488,5434298.0
2015-03-16,12.8,13.046666666666665,13.060666666666666,12.653333333333334,5628783.0
2015-03-17,13.028666666666666,12.982,13.247333333333334,12.929333333333332,4894052.0
2015-03-18,12.997333333333334,13.380666666666666,13.392,12.874,4820936.0
2015-03-19,13.466666666666667,13.043333333333333,13.639333333333333,12.968666666666666,8475244.0
2015-03-20,13.163333333333332,13.205333333333334,13.266,13.041400000000001,4269467.0
2015-03-23,13.233333333333333,13.308666666666666,13.366666666666667,13.164666666666667,2631626.0
2015-03-24,13.438666666666668,13.448,13.585999999999999,13.316666666666666,3649860.0
2015-03-25,13.218,12.953333333333335,13.239333333333333,12.846666666666666,5730389.0
2015-03-26,12.927999999999999,12.693666666666667,12.985999999999999,12.646666666666667,4127956.0
2015-03-27,12.604666666666667,12.333333333333334,12.619326666666666,12.093333333333334,8604947.0
2015-03-30,12.389999999999999,12.704666666666666,12.816666666666666,12.120000000000001,10089516.0
2015-03-31,12.902,12.584666666666667,12.917333333333332,12.560666666666666,5026569.0
2015-04-01,12.579999999999998,12.506,12.82,12.403333333333334,3794621.0
2015-04-02,12.681999999999999,12.733333333333333,12.882,12.666666666666666,5010368.0
2015-04-06,13.2,13.54,13.85,13.166666666666666,12455811.0
2015-04-07,13.500666666666666,13.55,13.670666666666667,13.409333333333333,4347864.0
2015-04-08,13.879999999999999,13.844666666666665,14.06,13.724666666666666,6303117.0
2015-04-09,13.895333333333333,14.006,14.024666666666667,13.741333333333333,3800225.0
2015-04-10,13.99,14.06,14.11,13.933333333333334,4067676.0
2015-04-13,14.029,13.985333333333333,14.2,13.936666666666667,3758230.0
2015-04-14,13.904666666666666,13.830666666666668,13.966000000000001,13.7,3025963.0
2015-04-15,13.830666666666668,13.855333333333334,13.972666666666667,13.773333333333333,1952378.0
2015-04-16,13.846666666666666,13.78,13.944666666666665,13.752666666666666,1659059.0
2015-04-17,13.666,13.786,13.792,13.566666666666666,2469926.0
2015-04-20,13.785333333333334,13.684666666666667,13.856666666666666,13.59,2559251.0
2015-04-21,13.72,13.960666666666667,14.049999999999999,13.620666666666667,3432541.0
2015-04-22,14.166666666666666,14.629333333333333,14.792,14.112666666666666,7863037.0
2015-04-23,14.551333333333334,14.573333333333332,14.765333333333333,14.476673333333334,4411184.0
2015-04-24,14.7,14.561666666666667,14.72,14.533999999999999,2427843.0
2015-04-27,14.837333333333333,15.436666666666667,15.916666666666666,14.799999999999999,11672627.0
2015-04-28,15.65,15.365333333333332,15.7,15.202,6085379.0
2015-04-29,15.336666666666668,15.496666666666666,15.664666666666667,15.175333333333333,3936077.0
2015-04-30,15.359333333333332,15.07,15.525999999999998,15.011333333333333,3911857.0
2015-05-01,15.329333333333333,15.068666666666667,15.451333333333334,14.693666666666667,5281689.0
2015-05-04,15.212,15.367333333333333,15.648666666666665,15.140666666666668,4434596.0
2015-05-05,15.850666666666665,15.53,15.966666666666667,15.275333333333332,5796873.0
2015-05-06,15.606666666666666,15.362,15.631333333333332,15.213333333333333,5270933.0
2015-05-07,14.733333333333333,15.786666666666667,15.831999999999999,14.683333333333334,9455909.0
2015-05-08,15.732666666666667,15.774000000000001,15.893993333333333,15.579999999999998,4668236.0
2015-05-11,15.752666666666666,15.966000000000001,16.192,15.687333333333333,5672262.0
2015-05-12,16.007333333333335,16.316,16.423333333333332,15.879333333333333,6363429.0
2015-05-13,16.507333333333335,16.212,16.553333333333335,16.15,5440165.0
2015-05-14,16.32133333333333,16.273333333333333,16.326,16.083333333333332,2895936.0
2015-05-15,16.262,16.589333333333332,16.626666666666665,16.166666666666668,4527563.0
2015-05-18,16.466666666666665,16.583333333333332,16.66,16.4,3353212.0
2015-05-19,16.562,16.476,16.733333333333334,16.41,3674231.0
2015-05-20,16.47533333333333,16.29,16.516000000000002,16.091473333333333,3755569.0
2015-05-21,16.201999999999998,16.374666666666666,16.441333333333333,16.15716,1970643.0
2015-05-22,16.358666666666668,16.515333333333334,16.573333333333338,16.334000000000003,2223089.0
2015-05-26,16.512,16.497,16.8,16.433333333333334,3498682.0
2015-05-27,16.567333333333334,16.495333333333335,16.633333333333333,16.37,3408200.0
2015-05-28,16.468666666666667,16.763333333333332,16.78666666666667,16.336666666666666,3647283.0
2015-05-29,16.733333333333338,16.720000000000002,16.85784666666667,16.62866666666667,3789283.0
2015-06-01,16.760666666666665,16.63,16.773333333333333,16.498,2505057.0
2015-06-02,16.594666666666665,16.556666666666665,16.626666666666665,16.42,2134809.0
2015-06-03,16.546666666666667,16.599333333333334,16.714666666666666,16.467333333333332,1781505.0
2015-06-04,16.5,16.394666666666666,16.62,16.380666666666666,2453615.0
2015-06-05,16.4,16.609333333333332,16.646666666666665,16.378666666666668,3022026.0
2015-06-08,16.723333333333333,17.086000000000002,17.25,16.687333333333335,5016997.0
2015-06-09,17.026666666666667,17.066666666666666,17.182666666666666,16.942666666666664,2611146.0
2015-06-10,16.793333333333333,16.71333333333333,16.933333333333334,16.566666666666666,3454453.0
2015-06-11,16.884,16.760666666666665,16.958,16.695333333333334,2044058.0
2015-06-12,16.680666666666667,16.712666666666667,16.897333333333332,16.680666666666667,1422335.0
2015-06-15,16.646666666666665,16.692,16.752,16.400666666666666,2186175.0
2015-06-16,16.675333333333334,16.874666666666666,16.896,16.606333333333332,1984678.0
2015-06-17,16.811333333333334,17.360666666666667,17.624000000000002,16.801333333333332,5512920.0
2015-06-18,17.466666666666665,17.459333333333333,17.564,17.334666666666664,2782703.0
2015-06-19,17.493333333333332,17.500666666666667,17.586666666666666,17.34,2463013.0
2015-06-22,17.47666666666667,17.319333333333336,17.62666666666667,17.046000000000003,4561079.0
2015-06-23,17.354666666666667,17.84466666666667,17.866666666666667,17.238,3870818.0
2015-06-24,17.79866666666667,17.678,17.823333333333334,17.581333333333333,2412293.0
2015-06-25,17.763333333333332,17.919333333333334,18.094,17.683333333333334,2849204.0
2015-06-26,17.926,17.805999999999997,17.94066666666667,17.733333333333334,3838434.0
2015-06-29,17.46333333333333,17.468,17.73,17.38,3478909.0
2015-06-30,17.653333333333332,17.884,18.061333333333334,17.6,3086935.0
2015-07-01,18.074,17.94333333333333,18.174666666666667,17.85668666666667,2101224.0
2015-07-02,18.679666666666666,18.668,18.83,18.220666666666666,7163930.0
2015-07-06,18.592,18.648000000000003,18.779333333333334,18.42,4121933.0
2015-07-07,18.333333333333336,17.858666666666668,18.34666666666667,17.384666666666668,6105126.0
2015-07-08,17.288,16.997333333333334,17.386666666666667,16.954,6221077.0
2015-07-09,17.272,17.194666666666667,17.529999999999998,17.119333333333334,3334077.0
2015-07-10,17.481333333333335,17.276666666666664,17.53333333333333,17.188,2610858.0
2015-07-13,17.483333333333334,17.477333333333334,17.503333333333334,17.07,2960319.0
2015-07-14,17.473333333333336,17.709999999999997,17.73266,17.36733333333333,1907641.0
2015-07-15,17.782666666666668,17.542666666666666,17.832666666666668,17.471999999999998,2021621.0
2015-07-16,17.61466666666667,17.778666666666666,17.813333333333333,17.544,1615961.0
2015-07-17,18.166666666666668,18.31066666666667,18.369333333333334,17.883333333333333,5004099.0
2015-07-20,18.333333333333332,18.817333333333334,19.11,18.169333333333334,4978454.0
2015-07-21,18.003333333333334,17.784666666666666,18.233333333333334,17.77,6108686.0
2015-07-22,17.418,17.858,17.962666666666667,17.390666666666668,3104960.0
2015-07-23,17.976666666666667,17.813333333333333,17.993333333333332,17.684666666666665,2227239.0
2015-07-24,17.825333333333333,17.694000000000003,18.072666666666663,17.59466666666667,2836498.0
2015-07-27,17.495333333333335,16.86733333333333,17.628806666666666,16.71933333333333,4694192.0
2015-07-28,17.05,17.654666666666667,17.69333333333333,16.78915333333333,3895808.0
2015-07-29,17.618,17.588,17.859333333333332,17.466666666666665,2790095.0
2015-07-30,17.512666666666668,17.786,17.796,17.474,2034560.0
2015-07-31,17.84,17.743333333333332,17.957326666666667,17.674866666666667,2222552.0
2015-08-03,17.752666666666666,17.332666666666668,17.78066,17.137999999999998,2553474.0
2015-08-04,17.334,17.752,17.781333333333336,17.222666666666665,2352530.0
2015-08-05,17.572,18.008666666666667,18.066666666666666,17.36,4798058.0
2015-08-06,16.636,16.408666666666665,17.0,15.741333333333333,14623754.0
2015-08-07,16.238666666666667,16.167333333333332,16.248666666666665,15.892666666666665,5073390.0
2015-08-10,15.876666666666667,16.076,16.198,15.736666666666666,4185860.0
2015-08-11,15.81,15.824666666666667,15.953333333333333,15.629333333333333,4264939.0
2015-08-12,15.666666666666666,15.877999999999998,15.984666666666667,15.516,3739157.0
2015-08-13,15.990666666666668,16.167333333333332,16.432,15.941333333333333,4689182.0
2015-08-14,16.482666666666667,16.21,16.528666666666666,16.118000000000002,4364810.0
2015-08-17,17.037333333333333,16.999333333333333,17.105999999999998,16.700666666666667,7176690.0
2015-08-18,17.025333333333332,17.381333333333334,17.396666666666665,16.904006666666668,4195035.0
2015-08-19,17.35533333333333,17.016666666666666,17.376666666666665,17.001333333333335,3604282.0
2015-08-20,16.804,16.145333333333333,16.970666666666666,16.126666666666665,4905757.0
2015-08-21,15.733333333333333,15.384666666666668,16.253326666666666,15.367333333333333,6590234.0
2015-08-24,13.519333333333332,14.591333333333333,15.426666666666668,13.0,9581585.0
2015-08-25,15.368,14.668666666666667,15.393333333333333,14.608,4327294.0
2015-08-26,15.195333333333334,14.989333333333333,15.2,14.367333333333333,4963042.0
2015-08-27,15.4,16.199333333333335,16.316666666666666,15.387333333333332,7655959.0
2015-08-28,16.124000000000002,16.56533333333333,16.763333333333332,16.104666666666667,5513673.0
2015-08-31,16.384666666666668,16.604,16.996666666666666,16.36733333333333,4700232.0
2015-09-01,16.022666666666666,15.908666666666667,16.4,15.798,5454765.0
2015-09-02,16.342666666666666,16.512666666666668,16.525333333333332,15.985333333333333,4629174.0
2015-09-03,16.804,16.371333333333332,16.805333333333333,16.333333333333332,4194772.0
2015-09-04,16.05933333333333,16.128666666666668,16.272666666666666,15.879999999999999,3689153.0
2015-09-08,16.336666666666666,16.544666666666664,16.610666666666667,16.27,3138231.0
2015-09-09,16.803333333333335,16.594,16.95,16.553533333333334,3390788.0
2015-09-10,16.482,16.56533333333333,16.714873333333333,16.355333333333334,2709024.0
2015-09-11,16.50933333333333,16.682666666666666,16.682666666666666,16.31533333333333,2350844.0
2015-09-14,16.74,16.87933333333333,16.95,16.644666666666666,2890851.0
2015-09-15,16.85,16.904666666666667,16.973333333333333,16.633333333333333,2933466.0
2015-09-16,16.869333333333334,17.483333333333334,17.525333333333332,16.858666666666664,4417081.0
2015-09-17,17.59733333333333,17.471333333333334,17.7,17.37933333333333,3585812.0
2015-09-18,17.197333333333333,17.374666666666666,17.588,17.166666666666668,3763064.0
2015-09-21,17.598666666666666,17.613333333333333,18.104666666666667,17.053333333333335,6120155.0
2015-09-22,17.268666666666665,17.396,17.509999999999998,17.058,3664353.0
2015-09-23,17.46333333333333,17.404,17.471999999999998,17.172253333333334,2600778.0
2015-09-24,17.302,17.541333333333334,17.563333333333333,17.080666666666666,3448191.0
2015-09-25,17.774,17.127333333333336,17.794,17.076666666666664,3773392.0
2015-09-28,17.156666666666666,16.562,17.319333333333333,16.44066666666667,4881802.0
2015-09-29,16.697333333333333,16.443333333333335,16.982,16.364,3703154.0
2015-09-30,16.8,16.56,16.826666666666668,16.156,4879816.0
2015-10-01,16.500666666666667,15.991999999999999,16.566666666666666,15.808666666666666,4572964.0
2015-10-02,15.706666666666665,16.504666666666665,16.513333333333332,15.662,4423982.0
2015-10-05,16.589333333333332,16.41,16.656,16.275333333333332,3689865.0
2015-10-06,16.0,16.097333333333335,16.201999999999998,15.705333333333334,5235897.0
2015-10-07,15.775333333333332,15.464,15.846666666666666,15.274666666666667,6813959.0
2015-10-08,15.338666666666667,15.114666666666666,15.381333333333332,14.754,6133216.0
2015-10-09,14.728666666666667,14.712666666666667,14.958,14.557333333333334,6158370.0
2015-10-12,14.866,14.372000000000002,14.866666666666667,14.351333333333335,3836303.0
2015-10-13,14.218666666666666,14.616666666666667,14.8348,14.075333333333333,5171535.0
2015-10-14,14.711333333333332,14.458666666666666,14.729999999999999,14.362,3104446.0
2015-10-15,14.428666666666667,14.754,14.781999999999998,14.246666666666666,2844233.0
2015-10-16,14.869333333333332,15.133999999999999,15.365366666666667,14.858,4334493.0
2015-10-19,15.1,15.206666666666667,15.41,14.996,2507895.0
2015-10-20,15.181333333333333,14.202,15.24,13.466666666666667,14900047.0
2015-10-21,14.132666666666667,14.006,14.320666666666666,13.92,4183471.0
2015-10-22,14.104,14.114666666666666,14.383333333333333,13.96,2825159.0
2015-10-23,14.333333333333334,13.939333333333334,14.356666666666666,13.846,4235462.0
2015-10-26,14.091999999999999,14.350666666666665,14.392,14.0,3391438.0
2015-10-27,14.322666666666667,14.023333333333333,14.473333333333333,13.834,3519449.0
2015-10-28,14.087333333333333,14.197333333333335,14.229999999999999,13.886666666666667,2728593.0
2015-10-29,14.116666666666667,14.108666666666666,14.249873333333333,14.042666666666666,1805032.0
2015-10-30,14.026666666666667,13.795333333333334,14.108666666666666,13.592666666666666,4438901.0
2015-11-02,13.927999999999999,14.252666666666666,14.386666666666667,13.814666666666666,3927944.0
2015-11-03,14.256666666666666,13.889999999999999,14.296,13.85,8332486.0
2015-11-04,15.133333333333333,15.442,15.516,15.013333333333332,12726366.0
2015-11-05,15.372,15.451333333333334,15.638953333333333,15.279333333333334,4496843.0
2015-11-06,15.379999999999999,15.490666666666668,15.557266666666667,15.299999999999999,2445293.0
2015-11-09,15.532666666666668,15.022,15.532666666666668,14.954,3850860.0
2015-11-10,14.898666666666665,14.433333333333334,14.913333333333332,14.405333333333333,4617007.0
2015-11-11,14.518,14.605333333333334,14.632,14.241999999999999,3347806.0
2015-11-12,14.523333333333333,14.196,14.6,14.177333333333333,2915900.0
2015-11-13,14.196666666666665,13.812666666666667,14.199333333333334,13.768,3430327.0
2015-11-16,13.739333333333333,14.287333333333333,14.331999999999999,13.72,2925395.0
2015-11-17,14.346666666666666,14.266666666666667,14.4,14.093333333333334,2148326.0
2015-11-18,14.299999999999999,14.738,14.758666666666667,14.168000000000001,2811900.0
2015-11-19,14.702666666666666,14.786666666666667,15.079333333333333,14.686666666666667,2504375.0
2015-11-20,14.899333333333333,14.667333333333334,15.0,14.238666666666667,4400722.0
2015-11-23,14.49,14.516666666666667,14.612,14.311986666666666,2526199.0
2015-11-24,14.358,14.55,14.733333333333333,14.333333333333334,2480293.0
2015-11-25,14.756,15.309333333333333,15.388333333333332,14.691666666666666,3990779.0
2015-11-27,15.404,15.440666666666667,15.483333333333333,15.133999999999999,1949353.0
2015-11-30,15.452666666666666,15.350666666666665,15.618666666666666,15.272,2659813.0
2015-12-01,15.404,15.812666666666667,15.866666666666667,15.403333333333334,3733955.0
2015-12-02,15.799999999999999,15.466000000000001,15.906666666666666,15.415333333333333,2981468.0
2015-12-03,15.698666666666666,15.514000000000001,15.829999999999998,15.333333333333334,2939564.0
2015-12-04,15.497333333333334,15.358666666666666,15.551333333333334,15.177333333333333,2573603.0
2015-12-07,15.18,15.408666666666667,15.708666666666666,15.076666666666666,3144223.0
2015-12-08,15.168000000000001,15.114666666666666,15.253333333333334,14.946666666666665,2687636.0
2015-12-09,15.113333333333332,14.968,15.166666666666666,14.714666666666666,3057753.0
2015-12-10,14.980666666666666,15.138,15.232666666666667,14.909333333333333,2071692.0
2015-12-11,15.016,14.468,15.049999999999999,14.442666666666666,3268726.0
2015-12-14,14.500666666666666,14.572000000000001,14.728,14.324666666666667,2831518.0
2015-12-15,14.787999999999998,14.739333333333333,14.814666666666666,14.533333333333333,2244424.0
2015-12-16,14.806666666666667,15.633999999999999,15.658666666666667,14.715333333333332,5104341.0
2015-12-17,15.596,15.559333333333333,15.850666666666665,15.320993333333332,3298638.0
2015-12-18,15.525999999999998,15.364,15.726666666666667,15.286,3014170.0
2015-12-21,15.446,15.504,15.722000000000001,15.405333333333333,1953174.0
2015-12-22,15.666,15.33,15.770000000000001,15.308666666666666,1961495.0
2015-12-23,15.478666666666667,15.313333333333333,15.563333333333333,15.208666666666666,1554979.0
2015-12-24,15.370666666666667,15.371333333333332,15.458666666666666,15.218666666666666,710277.0
2015-12-28,15.432666666666668,15.263333333333332,15.465333333333332,15.036,1901304.0
2015-12-29,15.337333333333333,15.812666666666667,15.847999999999999,15.303133333333333,2406290.0
2015-12-30,15.773333333333333,15.872666666666667,16.242266666666666,15.71138,3697921.0
2015-12-31,15.900666666666666,16.000666666666667,16.23,15.891333333333334,2715038.0
2016-01-04,15.381333333333332,14.894,15.425333333333333,14.6,6827146.0
2016-01-05,15.090666666666667,14.895333333333333,15.126,14.666666666666666,3186752.0
2016-01-06,14.666666666666666,14.602666666666666,14.67,14.398666666666665,3779128.0
2016-01-07,14.279333333333334,14.376666666666667,14.562666666666667,14.244666666666665,3554251.0
2016-01-08,14.524000000000001,14.066666666666666,14.696,14.051333333333334,3628058.0
2016-01-11,14.267333333333333,13.856666666666666,14.296666666666665,13.533333333333333,4091422.0
2016-01-12,14.106666666666666,13.998,14.2493,13.687333333333333,3091917.0
2016-01-13,14.133999999999999,13.354000000000001,14.176666666666668,13.333333333333334,4126416.0
2016-01-14,13.480666666666666,13.745333333333333,14.0,12.892,6490741.0
2016-01-15,13.264666666666667,13.666,13.671333333333333,13.15,5578640.0
2016-01-19,13.914,13.648,14.031333333333333,13.385333333333334,4038676.0
2016-01-20,13.293333333333333,13.246666666666666,13.418666666666667,12.75,5838608.0
2016-01-21,13.436666666666667,13.331333333333333,13.548666666666666,13.001333333333333,3166159.0
2016-01-22,13.653366666666667,13.503333333333334,13.7,13.268666666666666,3124055.0
2016-01-25,13.337333333333333,13.092,13.571333333333333,13.058666666666666,2698739.0
2016-01-26,13.113333333333332,12.904,13.187999999999999,12.591999999999999,4964180.0
2016-01-27,12.825333333333333,12.538,12.883999999999999,12.384666666666668,3617221.0
2016-01-28,12.719333333333333,12.646666666666667,12.752,12.160666666666666,4592754.0
2016-01-29,12.663333333333332,12.746666666666666,12.916,12.538666666666668,2852289.0
2016-02-01,12.584,13.129333333333333,13.301333333333334,12.183333333333334,5297639.0
2016-02-02,12.828,12.185333333333334,12.874666666666666,12.015333333333333,5773637.0
2016-02-03,12.239333333333333,11.565333333333333,12.262666666666666,11.345333333333334,7931362.0
2016-02-04,11.379999999999999,11.688666666666668,11.732,11.132666666666667,4385366.0
2016-02-05,11.42,10.84,11.533333333333333,10.51628,9437591.0
2016-02-08,10.473666666666666,9.866000000000001,10.476666666666667,9.733333333333333,9312988.0
2016-02-09,9.488,9.883333333333333,10.652666666666667,9.403333333333334,8651648.0
2016-02-10,10.033333333333333,9.578,10.331333333333333,9.449333333333334,10406513.0
2016-02-11,10.133333333333333,10.031333333333333,10.883999999999999,9.8,14252364.0
2016-02-12,10.333333333333334,10.069333333333333,10.467333333333332,9.579999999999998,7235783.0
2016-02-16,10.579999999999998,10.344666666666665,10.863333333333333,10.274000000000001,5593794.0
2016-02-17,10.6,11.245333333333333,11.289333333333333,10.445333333333334,5825159.0
2016-02-18,11.494666666666665,11.118,11.53,10.984666666666667,3887574.0
2016-02-19,10.910666666666666,11.105333333333334,11.166,10.833333333333334,2959390.0
2016-02-22,11.341333333333333,11.849333333333334,11.927333333333333,11.323333333333332,5060051.0
2016-02-23,11.744,11.814,12.115333333333332,11.578666666666667,5984374.0
2016-02-24,11.516666666666666,11.933333333333334,11.966666666666667,11.189333333333334,5395609.0
2016-02-25,11.91,12.495333333333333,12.567946666666668,11.68,5750741.0
2016-02-26,12.579999999999998,12.689333333333334,12.8,12.333333333333334,6065117.0
2016-02-29,12.826666666666666,12.795333333333334,13.09,12.6148,4498997.0
2016-03-01,12.95,12.423333333333334,13.063226666666665,12.18,6712159.0
2016-03-02,12.248666666666665,12.556000000000001,12.568000000000001,12.1,4862396.0
2016-03-03,12.552,13.049333333333333,13.161333333333332,12.281333333333333,4829018.0
2016-03-04,13.2,13.402666666666667,13.602,13.166673333333334,6489058.0
2016-03-07,13.178666666666667,13.686,13.979999999999999,13.16,5337072.0
2016-03-08,13.566666666666666,13.506666666666666,13.833333333333334,13.479999999999999,3978722.0
2016-03-09,13.634666666666668,13.914666666666667,13.958173333333333,13.519333333333332,3208554.0
2016-03-10,14.0,13.678666666666667,14.219333333333333,13.378066666666665,5192523.0
2016-03-11,13.862,13.833333333333334,13.961333333333332,13.688666666666668,3343077.0
2016-03-14,14.176666666666668,14.343333333333334,14.448,14.042666666666666,4065706.0
2016-03-15,14.284666666666666,14.556000000000001,14.597999999999999,14.1,3180452.0
2016-03-16,14.533333333333333,14.795333333333334,14.838666666666667,14.468,3516703.0
2016-03-17,14.764666666666667,15.092,15.233333333333333,14.666666666666666,3782891.0
2016-03-18,15.273333333333333,15.516,15.632,15.204,4711793.0
2016-03-21,15.689333333333334,15.888,15.991999999999999,15.666666666666666,5307822.0
2016-03-22,15.814,15.616000000000001,15.932666666666668,15.503866666666665,4315988.0
2016-03-23,15.491333333333333,14.838666666666667,15.648666666666665,14.802,4948841.0
2016-03-24,14.385333333333334,15.183333333333334,15.259179999999999,14.333333333333334,4960900.0
2016-03-28,15.440666666666667,15.350666666666665,15.654,15.0,3925685.0
2016-03-29,15.325999999999999,15.342,15.491999999999999,15.022,4014330.0
2016-03-30,15.672666666666666,15.126,15.7,15.1,4032982.0
2016-03-31,15.289333333333333,15.318000000000001,15.828,15.000666666666666,8012872.0
2016-04-01,16.321666666666665,15.839333333333334,16.526666666666667,15.549999999999999,15997509.0
2016-04-04,16.608,16.466,16.808,16.242666666666665,13475327.0
2016-04-05,16.03333333333333,17.031333333333333,17.104,16.0,9948699.0
2016-04-06,16.931333333333335,17.694666666666667,17.849333333333334,16.896666666666665,11705479.0
2016-04-07,17.763333333333332,17.146666666666665,17.956,16.967333333333332,8856171.0
2016-04-08,17.366666666666667,16.671333333333333,17.387999999999998,16.534673333333334,7363935.0
2016-04-11,16.733333333333334,16.66133333333333,17.266000000000002,16.353333333333335,9161693.0
2016-04-12,16.633333333333336,16.521333333333335,16.786666666666672,16.242000000000004,5763208.0
2016-04-13,16.567333333333334,16.968666666666667,17.03333333333333,16.488666666666667,4925595.0
2016-04-14,16.866666666666667,16.790666666666667,17.1226,16.736673333333332,4132185.0
2016-04-15,16.754,16.967333333333332,16.973333333333333,16.608,3752366.0
2016-04-18,16.81533333333333,16.925333333333334,17.220666666666666,16.77733333333333,4271362.0
2016-04-19,16.874666666666666,16.491333333333333,16.957993333333334,16.0834,6357526.0
2016-04-20,16.417333333333332,16.664666666666665,16.910666666666668,16.1,5194051.0
2016-04-21,16.599333333333334,16.552666666666667,16.726666666666667,16.460666666666665,2783059.0
2016-04-22,16.592666666666666,16.916666666666668,16.933333333333334,16.380666666666666,3786327.0
2016-04-25,16.86733333333333,16.788,17.158666666666665,16.717333333333332,3670348.0
2016-04-26,16.803333333333335,16.916,17.048666666666666,16.625999999999998,3223839.0
2016-04-27,16.85,16.764666666666667,17.0,16.626666666666665,3205808.0
2016-04-28,16.656666666666666,16.514,16.895333333333333,16.496,2518990.0
2016-04-29,16.542666666666666,16.050666666666665,16.562,15.854,5413787.0
2016-05-02,16.1,16.12,16.212666666666667,15.654666666666666,3843935.0
2016-05-03,15.824,15.488,15.927333333333333,15.441333333333333,4302222.0
2016-05-04,15.352666666666666,14.837333333333333,15.630666666666666,14.693333333333333,8700459.0
2016-05-05,15.230666666666666,14.102,15.242666666666665,13.985999999999999,11254827.0
2016-05-06,14.058,14.328666666666667,14.424666666666667,13.874,5685237.0
2016-05-09,14.381333333333332,13.927999999999999,14.41,13.786666666666667,4776383.0
2016-05-10,13.836666666666668,13.912666666666667,13.964666666666666,13.666666666666666,4070617.0
2016-05-11,13.839333333333334,13.930666666666667,14.365333333333332,13.736666666666666,5161864.0
2016-05-12,14.096,13.818666666666667,14.111333333333333,13.577146666666666,3650475.0
2016-05-13,13.852,13.840666666666667,14.079999999999998,13.78,2822781.0
2016-05-16,13.876666666666667,13.886,14.21,13.861333333333333,2949396.0
2016-05-17,13.936666666666667,13.644,13.987993333333332,13.601333333333335,2843597.0
2016-05-18,13.943333333333333,14.078,14.354,13.85,5617519.0
2016-05-19,14.241333333333333,14.347333333333333,14.452666666666666,13.82,6866321.0
2016-05-20,14.466000000000001,14.685333333333334,14.703333333333333,14.423333333333332,9007076.0
2016-05-23,14.658,14.414666666666667,14.84,14.390666666666668,5102479.0
2016-05-24,14.44,14.527333333333333,14.582666666666666,14.345333333333334,3013843.0
2016-05-25,14.527333333333333,14.638666666666667,14.757333333333333,14.434,3132615.0
2016-05-26,14.7,15.008000000000001,15.017333333333333,14.603333333333333,4072424.0
2016-05-27,14.999333333333334,14.869333333333334,15.062,14.716666666666667,3650272.0
2016-05-31,14.869333333333332,14.882,14.983313333333333,14.766673333333333,2789002.0
2016-06-01,14.765333333333333,14.637333333333334,14.826666666666666,14.459333333333332,2982695.0
2016-06-02,14.639333333333333,14.597333333333333,14.660599999999999,14.474,2032832.0
2016-06-03,14.666666666666666,14.599333333333334,14.796,14.533999999999999,2228970.0
2016-06-06,14.533333333333333,14.712,14.726666666666667,14.363333333333332,2249508.0
2016-06-07,14.816,15.489333333333333,15.629333333333333,14.768,6213573.0
2016-06-08,15.586666666666668,15.701333333333334,16.056333333333335,15.507,5971995.0
2016-06-09,15.665333333333333,15.290666666666668,15.688666666666668,15.137333333333332,4492075.0
2016-06-10,15.159333333333333,14.586,15.198,14.561446666666665,6026603.0
2016-06-13,14.633333333333333,14.524666666666667,15.051333333333334,14.510666666666665,4193022.0
2016-06-14,14.591999999999999,14.330666666666668,14.813333333333333,14.168666666666667,3580167.0
2016-06-15,14.463333333333333,14.513333333333332,14.793333333333333,14.341999999999999,2908522.0
2016-06-16,14.494666666666665,14.528666666666668,14.536,14.233333333333333,2440259.0
2016-06-17,14.520666666666667,14.364666666666666,14.666,14.299999999999999,3112620.0
2016-06-20,14.633333333333333,14.646666666666667,14.916666666666666,14.548666666666666,3555471.0
2016-06-21,14.712,14.640666666666668,14.837933333333332,14.587333333333333,4529005.0
2016-06-22,13.298,13.110666666666667,13.729999999999999,13.049999999999999,23742414.0
2016-06-23,13.046,13.093333333333334,13.17,12.808666666666666,10130748.0
2016-06-24,12.67,12.876666666666667,13.008000000000001,12.648666666666665,7026516.0
2016-06-27,12.724,13.236666666666668,13.254,12.524666666666667,7220323.0
2016-06-28,13.459333333333332,13.452666666666666,13.603333333333333,13.293999999999999,6212422.0
2016-06-29,13.675333333333333,14.012666666666666,14.118666666666666,13.533333333333333,5994908.0
2016-06-30,14.198,14.152,14.233326666666667,13.934666666666667,4843111.0
2016-07-01,13.742666666666665,14.433333333333334,14.549333333333333,13.733333333333333,5399951.0
2016-07-05,13.982,14.265333333333333,14.30294,13.866666666666667,5175345.0
2016-07-06,14.0,14.296,14.348666666666666,13.933333333333334,4919855.0
2016-07-07,14.206666666666665,14.395999999999999,14.541333333333334,14.200666666666665,3612022.0
2016-07-08,14.520000000000001,14.452,14.654,14.299999999999999,4074785.0
2016-07-11,14.664,14.985333333333333,15.118666666666666,14.633999999999999,5429823.0
2016-07-12,14.94,14.976666666666667,15.166666666666666,14.881333333333332,4576165.0
2016-07-13,15.033333333333333,14.835333333333333,15.039333333333333,14.686,3567062.0
2016-07-14,14.874666666666666,14.768666666666666,14.996,14.736666666666666,2675834.0
2016-07-15,14.834666666666667,14.693333333333333,14.849993333333332,14.642666666666665,2234247.0
2016-07-18,14.642666666666665,15.083333333333334,15.139333333333333,14.553333333333335,3412055.0
2016-07-19,15.0,15.017333333333333,15.273333333333333,14.983333333333333,3115065.0
2016-07-20,15.097999999999999,15.224,15.32,15.0,2568498.0
2016-07-21,15.066666666666666,14.7,15.1898,14.606666666666666,4428651.0
2016-07-22,14.799333333333333,14.818000000000001,14.966666666666667,14.591999999999999,2579692.0
2016-07-25,14.818,15.334,15.425999999999998,14.758099999999999,4490683.0
2016-07-26,15.179333333333332,15.300666666666666,15.333333333333334,15.020000000000001,3430042.0
2016-07-27,15.289333333333333,15.232666666666667,15.557333333333334,15.127999999999998,2889007.0
2016-07-28,15.196666666666665,15.374,15.383999999999999,15.106666666666666,2419059.0
2016-07-29,15.379999999999999,15.652666666666667,15.685333333333332,15.349333333333334,3070813.0
2016-08-01,15.7,15.334,15.775333333333332,15.292,4016284.0
2016-08-02,15.291333333333334,15.146666666666667,15.324666666666667,14.76,3934432.0
2016-08-03,15.158,15.052666666666665,15.313266666666667,14.947333333333333,3887759.0
2016-08-04,15.046,15.374,15.390666666666668,14.803333333333335,4146997.0
2016-08-05,15.333333333333334,15.335333333333333,15.466666666666667,15.16,3205215.0
2016-08-08,15.2,15.077333333333334,15.306666666666667,15.072666666666667,2263584.0
2016-08-09,15.121333333333332,15.272,15.435833333333333,15.11,2207833.0
2016-08-10,15.216000000000001,15.043333333333333,15.324666666666667,14.974666666666666,2338301.0
2016-08-11,15.078,14.994,15.171333333333333,14.894,1880936.0
2016-08-12,15.027333333333333,15.040666666666668,15.11,14.936,1813540.0
2016-08-15,15.068,15.039333333333333,15.299999999999999,14.995333333333333,2034328.0
2016-08-16,15.032666666666668,14.907333333333334,15.145999999999999,14.894006666666666,2267147.0
2016-08-17,14.955333333333334,14.882666666666667,14.988666666666667,14.853333333333333,1787127.0
2016-08-18,14.921333333333333,14.900666666666666,15.043999999999999,14.819333333333333,1714467.0
2016-08-19,14.902666666666667,15.0,15.011266666666668,14.835333333333333,1659530.0
2016-08-22,14.944666666666665,14.862,15.007333333333333,14.845333333333334,2065493.0
2016-08-23,14.954666666666666,14.989333333333333,15.232666666666667,14.853333333333333,4784418.0
2016-08-24,15.136666666666667,14.841333333333333,15.143333333333333,14.814666666666666,2570693.0
2016-08-25,14.874,14.730666666666668,14.92,14.718,1762519.0
2016-08-26,14.809333333333333,14.666,14.857,14.588,2238992.0
2016-08-29,14.676666666666668,14.346666666666666,14.693333333333333,14.333333333333334,3266334.0
2016-08-30,14.407333333333334,14.089333333333334,14.407333333333334,14.034666666666666,3168862.0
2016-08-31,14.028666666666666,14.133999999999999,14.173333333333332,13.91,3276548.0
2016-09-01,13.934,13.384666666666668,14.073326666666667,13.366666666666667,7943138.0
2016-09-02,13.488666666666667,13.185333333333334,13.546666666666665,13.079999999999998,5977413.0
2016-09-06,13.268,13.522,13.549999999999999,13.266666666666666,4390572.0
2016-09-07,13.7,13.447333333333335,13.766453333333333,13.380666666666666,3640923.0
2016-09-08,13.303333333333335,13.157333333333334,13.325999999999999,13.090666666666667,3377946.0
2016-09-09,13.272666666666666,12.964666666666666,13.328,12.913333333333332,3756992.0
2016-09-12,13.0,13.22,13.4246,12.94,3715161.0
2016-09-13,13.137333333333332,13.07,13.232666666666667,12.896666666666667,3589379.0
2016-09-14,13.049999999999999,13.094,13.194986666666667,12.990413333333333,2259231.0
2016-09-15,13.099333333333334,13.361333333333333,13.501286666666665,13.093333333333334,3085115.0
2016-09-16,13.361333333333333,13.693333333333333,13.713333333333333,13.266666666666666,3107808.0
2016-09-19,13.799999999999999,13.756,13.962,13.666666666666666,2299498.0
2016-09-20,13.79,13.642666666666665,13.85,13.594,2410488.0
2016-09-21,13.758000000000001,13.681333333333333,13.799999999999999,13.437333333333333,2633503.0
2016-09-22,13.76,13.762,13.818666666666667,13.533333333333333,2382902.0
2016-09-23,13.732666666666667,13.83,14.012,13.711333333333332,2905229.0
2016-09-26,13.766666666666666,13.932666666666668,14.066666666666666,13.766666666666666,2394358.0
2016-09-27,13.976666666666667,13.720666666666666,13.998786666666666,13.640619999999998,3373180.0
2016-09-28,13.834,13.751333333333333,13.883333333333333,13.684,2088374.0
2016-09-29,13.706666666666665,13.379999999999999,13.822000000000001,13.372,2727029.0
2016-09-30,13.480666666666666,13.602,13.665333333333333,13.303333333333335,2586273.0
2016-10-03,14.153333333333334,14.246666666666666,14.37792,13.883333333333333,5999892.0
2016-10-04,14.206666666666665,14.094,14.221333333333332,13.921333333333333,3541481.0
2016-10-05,14.149333333333333,13.897333333333334,14.21,13.874666666666666,1877534.0
2016-10-06,13.497333333333334,13.4,13.613993333333333,13.347333333333333,4703402.0
2016-10-07,13.4,13.107333333333335,13.421333333333333,13.053333333333335,3493018.0
2016-10-10,13.423333333333332,13.396666666666667,13.609333333333332,13.310666666666666,3316297.0
2016-10-11,13.456666666666665,13.34,13.479999999999999,13.220666666666666,2328422.0
2016-10-12,13.396666666666667,13.434,13.591999999999999,13.361333333333333,1970689.0
2016-10-13,13.366666666666667,13.349333333333334,13.393,13.136666666666667,2495413.0
2016-10-14,13.377333333333333,13.100666666666665,13.428666666666667,13.086666666666668,4269850.0
2016-10-17,13.136666666666667,12.930666666666667,13.225999999999999,12.8,4554080.0
2016-10-18,13.066,13.273333333333333,13.298,12.883999999999999,5680475.0
2016-10-19,13.316,13.570666666666666,13.777333333333333,13.204,6991183.0
2016-10-20,13.474666666666666,13.273333333333333,13.533333333333333,13.136666666666667,5072877.0
2016-10-21,13.24,13.339333333333334,13.437999999999999,13.160666666666666,2943402.0
2016-10-24,13.4,13.517333333333333,13.596346666666667,13.35,2751562.0
2016-10-25,13.526666666666667,13.489333333333333,13.645999999999999,13.413333333333332,2445014.0
2016-10-26,13.4,13.482666666666667,13.546,13.34,5632841.0
2016-10-27,14.089333333333334,13.600666666666665,14.246666666666666,13.443333333333333,13093744.0
2016-10-28,13.6,13.331333333333333,13.687999999999999,13.322000000000001,4280141.0
2016-10-31,13.499333333333334,13.181999999999999,13.499333333333334,13.054,4692273.0
2016-11-01,13.202666666666666,12.719333333333333,13.233333333333333,12.540333333333333,7060036.0
2016-11-02,12.67,12.534666666666668,12.84634,12.500333333333334,4253382.0
2016-11-03,12.6,12.494666666666665,12.764666666666667,12.469339999999999,2653023.0
2016-11-04,12.6,12.704,12.897333333333334,12.397333333333334,5146043.0
2016-11-07,12.906,12.880666666666666,12.952666666666666,12.67,3870112.0
2016-11-08,12.919333333333332,12.996,13.166,12.750666666666666,3267580.0
2016-11-09,12.458333333333334,12.670666666666667,12.8,12.263333333333332,8173065.0
2016-11-10,12.736666666666668,12.356666666666666,12.774000000000001,12.027999999999999,6750341.0
2016-11-11,12.282666666666668,12.570666666666666,12.591999999999999,12.2,3988504.0
2016-11-14,12.533333333333333,12.096666666666666,12.55,11.879333333333333,6552205.0
2016-11-15,12.185333333333332,12.251333333333333,12.428666666666667,12.136666666666667,3902018.0
2016-11-16,12.176666666666668,12.262,12.315333333333333,12.080666666666668,3434437.0
2016-11-17,12.232666666666667,12.577333333333334,12.632666666666667,12.140673333333332,4887067.0
2016-11-18,12.71,12.334666666666667,12.866666666666667,12.333333333333334,5210347.0
2016-11-21,12.335999999999999,12.301333333333334,12.592666666666666,12.294,4361043.0
2016-11-22,12.389333333333333,12.744666666666665,12.764666666666667,12.247333333333334,5603361.0
2016-11-23,12.707333333333334,12.876,13.042933333333334,12.6,4891893.0
2016-11-25,12.909333333333333,13.110000000000001,13.149146666666667,12.909333333333333,2366098.0
2016-11-28,13.031999999999998,13.074666666666667,13.29,12.97,4529182.0
2016-11-29,13.037333333333333,12.638,13.115333333333332,12.633333333333333,4439256.0
2016-11-30,12.733333333333333,12.626666666666667,12.792666666666666,12.5,3547104.0
2016-12-01,12.55,12.125333333333334,12.568666666666667,12.066666666666666,5126401.0
2016-12-02,12.192,12.098,12.325333333333333,12.0,4042324.0
2016-12-05,12.167333333333332,12.453333333333335,12.592666666666666,12.167333333333332,4072239.0
2016-12-06,12.368,12.389999999999999,12.438666666666668,12.178833333333333,3391622.0
2016-12-07,12.41,12.876666666666667,12.893333333333333,12.333333333333334,5461851.0
2016-12-08,12.803333333333335,12.819333333333333,12.833333333333334,12.636,3194148.0
2016-12-09,12.724666666666668,12.812000000000001,12.922400000000001,12.720666666666666,2722505.0
2016-12-12,12.853333333333333,12.828666666666667,12.961333333333332,12.735999999999999,2438876.0
2016-12-13,12.878666666666668,13.21,13.418666666666667,12.866666666666667,6823884.0
2016-12-14,13.249333333333334,13.246,13.533333333333333,13.117333333333333,4150927.0
2016-12-15,13.227333333333332,13.172,13.382666666666667,13.159333333333333,3219567.0
2016-12-16,13.205333333333334,13.499333333333334,13.506,13.173333333333332,3796889.0
2016-12-19,13.499333333333334,13.515333333333333,13.629999999999999,13.322666666666667,3488071.0
2016-12-20,13.536666666666667,13.919333333333332,13.933333333333334,13.5,4689071.0
2016-12-21,13.896666666666667,13.846666666666666,14.148666666666665,13.827333333333334,5207622.0
2016-12-22,13.881333333333332,13.896666666666667,13.999333333333334,13.766666666666666,3111108.0
2016-12-23,13.866666666666667,14.222666666666667,14.229999999999999,13.847333333333333,4670464.0
2016-12-27,14.325333333333333,14.635333333333334,14.816666666666666,14.294666666666666,5915732.0
2016-12-28,14.768666666666666,14.649333333333335,14.92,14.479999999999999,3782456.0
2016-12-29,14.570666666666666,14.312000000000001,14.613333333333332,14.274833333333333,4044968.0
2016-12-30,14.42,14.246,14.5,14.112,4642620.0
2017-01-03,14.324,14.466000000000001,14.688666666666668,14.064,5923254.0
2017-01-04,14.316666666666666,15.132666666666667,15.2,14.287333333333333,11213471.0
2017-01-05,15.094666666666665,15.116666666666667,15.165333333333333,14.796666666666665,5911695.0
2017-01-06,15.128666666666668,15.267333333333333,15.354,15.03,5527893.0
2017-01-09,15.264666666666667,15.418666666666667,15.461333333333332,15.2,3979484.0
2017-01-10,15.466666666666667,15.324666666666667,15.466666666666667,15.126,3659955.0
2017-01-11,15.271333333333333,15.315333333333333,15.331999999999999,15.112,3650825.0
2017-01-12,15.270666666666667,15.306000000000001,15.379999999999999,15.038666666666668,3790229.0
2017-01-13,15.333333333333334,15.85,15.856666666666666,15.306,6092960.0
2017-01-17,15.78,15.705333333333334,15.997333333333334,15.624666666666666,4617522.0
2017-01-18,15.776666666666667,15.890666666666668,15.980666666666666,15.705333333333334,3768967.0
2017-01-19,16.483333333333334,16.250666666666667,16.578666666666667,16.05,7732303.0
2017-01-20,16.364,16.31533333333333,16.4,16.200666666666667,4204275.0
2017-01-23,16.39,16.594666666666665,16.725993333333335,16.366666666666667,6262938.0
2017-01-24,16.666666666666668,16.974,16.986666666666668,16.643333333333334,4965451.0
2017-01-25,17.154,16.964666666666666,17.230666666666664,16.78666666666667,5146361.0
2017-01-26,16.952666666666666,16.834,17.049333333333333,16.716666666666665,3152123.0
2017-01-27,16.758666666666667,16.863333333333333,16.866666666666667,16.568,3166336.0
2017-01-30,16.835333333333335,16.708666666666666,17.019326666666664,16.473333333333333,3801074.0
2017-01-31,16.616000000000003,16.795333333333335,17.059333333333335,16.513333333333335,4116104.0
2017-02-01,16.87,16.616,16.88,16.603333333333335,3958829.0
2017-02-02,16.556,16.77,16.828,16.514,2499775.0
2017-02-03,16.794,16.755333333333333,16.811933333333332,16.645333333333333,2186723.0
2017-02-06,16.733333333333334,17.184666666666665,17.188,16.708666666666666,3562517.0
2017-02-07,17.212666666666667,17.165333333333333,17.333333333333332,17.09466666666667,4244775.0
2017-02-08,17.156666666666666,17.471999999999998,17.557333333333332,17.08,3933014.0
2017-02-09,17.75,17.946666666666665,18.078666666666667,17.743333333333332,7820222.0
2017-02-10,17.986,17.948666666666668,18.063333333333333,17.740666666666666,3619739.0
2017-02-13,18.049333333333333,18.706666666666667,18.719326666666667,18.034,7029605.0
2017-02-14,18.601999999999997,18.732000000000003,19.159333333333333,18.574,7345224.0
2017-02-15,18.666666666666668,18.650666666666666,18.816,18.429333333333332,4947856.0
2017-02-16,18.506666666666668,17.93,18.666666666666668,17.9,7077322.0
2017-02-17,17.72,18.148666666666667,18.192666666666664,17.61,6257149.0
2017-02-21,18.363333333333333,18.492666666666665,18.759999999999998,18.267333333333333,5676747.0
2017-02-22,18.687333333333335,18.233999999999998,18.896666666666665,18.173333333333336,8754975.0
2017-02-23,17.6,17.066,17.644000000000002,17.037333333333333,14915249.0
2017-02-24,16.844,17.133333333333333,17.216666666666665,16.68,8171626.0
2017-02-27,16.544666666666664,16.415333333333333,16.557333333333332,16.134,11460810.0
2017-02-28,16.279333333333334,16.666,16.733333333333334,16.26,6078145.0
2017-03-01,16.945333333333334,16.668,16.99,16.607333333333333,4809488.0
2017-03-02,16.647333333333332,16.698666666666664,16.88533333333333,16.551333333333332,3351833.0
2017-03-03,16.716000000000005,16.771333333333335,16.793333333333337,16.600000000000005,2929234.0
2017-03-06,16.52733333333333,16.747333333333334,16.779999999999998,16.500666666666667,3355500.0
2017-03-07,16.794666666666664,16.572666666666667,16.926,16.554666666666666,3459470.0
2017-03-08,16.46666666666667,16.458000000000002,16.671333333333337,16.35466666666667,3728649.0
2017-03-09,16.508666666666667,16.326666666666668,16.577333333333332,16.2,3879293.0
2017-03-10,16.414,16.246,16.433333333333334,16.2,3066272.0
2017-03-13,16.32133333333333,16.41133333333333,16.456666666666667,16.1854,3022625.0
2017-03-14,16.407333333333334,17.2,17.208,16.401333333333334,7598446.0
2017-03-15,17.133333333333333,17.048666666666666,17.4,16.951333333333334,5330806.0
2017-03-16,17.493333333333336,17.470000000000002,17.71666666666667,17.27066666666667,7132153.0
2017-03-17,17.6,17.433333333333334,17.688666666666666,17.413333333333334,6497496.0
2017-03-20,17.373333333333335,17.461333333333336,17.636666666666667,17.254733333333334,3614294.0
2017-03-21,17.522,16.712,17.653333333333332,16.682666666666666,6908554.0
2017-03-22,16.770666666666667,17.000666666666667,17.004666666666665,16.700666666666667,4059297.0
2017-03-23,17.026,16.985333333333333,17.178133333333335,16.886666666666667,3320245.0
2017-03-24,17.046666666666667,17.544,17.592666666666666,17.000666666666667,5647253.0
2017-03-27,17.373333333333335,18.014666666666667,18.038,17.316666666666666,6230795.0
2017-03-28,18.468,18.496666666666666,18.712,18.333333333333332,7987604.0
2017-03-29,18.555999999999997,18.492,18.64,18.369333333333334,3676157.0
2017-03-30,18.536,18.528000000000002,18.8,18.480666666666664,4148426.0
2017-03-31,18.582,18.553333333333335,18.645333333333333,18.421313333333334,3294640.0
2017-04-03,19.126666666666665,19.901333333333334,19.933333333333334,18.971999999999998,13888618.0
2017-04-04,19.792666666666666,20.246666666666666,20.320666666666668,19.63533333333333,10134556.0
2017-04-05,20.136000000000003,19.666666666666668,20.325333333333333,19.613333333333333,7880938.0
2017-04-06,19.791999999999998,19.913333333333334,20.12933333333333,19.60666666666667,5520588.0
2017-04-07,19.833333333333332,20.169333333333334,20.179333333333332,19.81,4562929.0
2017-04-10,20.61,20.826,20.915326666666665,20.580666666666666,7664458.0
2017-04-11,20.892,20.580666666666666,20.898000000000003,20.366666666666667,5724577.0
2017-04-12,20.422666666666665,19.78933333333333,20.563206666666666,19.754666666666665,6050682.0
2017-04-13,19.779999999999998,20.266666666666666,20.492666666666665,19.686666666666667,9284634.0
2017-04-17,20.18,20.096,20.266666666666666,19.912,4138736.0
2017-04-18,19.98,20.016666666666666,20.055993333333333,19.86,3035698.0
2017-04-19,20.163999999999998,20.368,20.441333333333333,20.140666666666668,3898024.0
2017-04-20,20.433999999999997,20.167333333333332,20.61,20.015333333333334,6149352.0
2017-04-21,20.133333333333333,20.373333333333335,20.426666666666666,20.028000000000002,4509756.0
2017-04-24,20.61466666666667,20.53533333333333,20.703333333333333,20.401433333333333,5077561.0
2017-04-25,20.53333333333333,20.919333333333334,20.932000000000002,20.390666666666668,6666406.0
2017-04-26,20.824666666666666,20.678,20.966666666666665,20.6,4184186.0
2017-04-27,20.779333333333334,20.575333333333333,20.872666666666664,20.5,3430245.0
2017-04-28,20.65533333333333,20.938,20.986666666666668,20.53333333333333,4447619.0
2017-05-01,20.992,21.522,21.816666666666666,20.987333333333332,8480546.0
2017-05-02,21.6,21.259333333333334,21.843993333333334,21.104006666666663,5242868.0
2017-05-03,21.178,20.734666666666666,21.435333333333332,20.696666666666665,6278906.0
2017-05-04,20.495666666666665,19.697333333333333,20.517999999999997,19.384006666666668,14039582.0
2017-05-05,19.866666666666667,20.55666666666667,20.57,19.78666666666667,8084153.0
2017-05-08,20.726666666666667,20.479333333333333,20.919333333333334,20.387999999999998,6981229.0
2017-05-09,20.625333333333334,21.417333333333332,21.466,20.60666666666667,9596356.0
2017-05-10,21.437333333333335,21.681333333333335,21.7,21.208,5681214.0
2017-05-11,21.56,21.540000000000003,21.733333333333334,21.30666666666667,4693235.0
2017-05-12,21.698666666666668,21.654,21.8,21.435333333333332,4114166.0
2017-05-15,21.22533333333333,21.058666666666667,21.346666666666664,20.83533333333333,7568594.0
2017-05-16,21.172666666666665,21.134,21.337333333333333,21.00933333333333,4121619.0
2017-05-17,20.959333333333333,20.407333333333334,20.97533333333333,20.366666666666667,6675795.0
2017-05-18,20.466666666666665,20.87066666666667,20.929333333333332,20.354,5590416.0
2017-05-19,21.03333333333333,20.721999999999998,21.1,20.68,4639506.0
2017-05-22,20.853333333333335,20.69,20.958,20.453333333333333,4279615.0
2017-05-23,20.697333333333333,20.257333333333335,20.715333333333334,20.232,4304658.0
2017-05-24,20.433999999999997,20.681333333333335,20.733333333333334,20.36,5016931.0
2017-05-25,20.734666666666666,21.122,21.131333333333334,20.520666666666667,4819412.0
2017-05-26,21.151999999999997,21.676,21.699333333333335,21.087333333333333,7705715.0
2017-05-30,21.733333333333334,22.34,22.418666666666663,21.717333333333332,7663064.0
2017-05-31,22.512666666666668,22.733999999999998,22.859333333333332,22.344,9863176.0
2017-06-01,22.933333333333334,22.691333333333333,22.992,22.486,7580447.0
2017-06-02,22.651333333333334,22.65666666666667,22.858666666666664,22.395333333333333,5570256.0
2017-06-05,22.566666666666666,23.154666666666667,23.229333333333333,22.280666666666665,6737855.0
2017-06-06,22.98,23.523333333333333,23.966193333333333,22.66466666666667,10951473.0
2017-06-07,23.755999999999997,23.976666666666667,24.03333333333333,23.676,9287888.0
2017-06-08,24.25,24.666666666666668,24.793333333333333,24.014666666666667,8975028.0
2017-06-09,24.961333333333336,23.82133333333333,25.124666666666666,23.653333333333332,17160231.0
2017-06-12,23.866,23.934,24.3,23.374666666666666,10476833.0
2017-06-13,24.508,25.063333333333333,25.066666666666666,24.44066666666667,11693404.0
2017-06-14,25.405666666666665,25.377333333333336,25.616666666666667,25.087333333333333,12731997.0
2017-06-15,24.833333333333332,25.022666666666666,25.030666666666665,24.432666666666666,10371559.0
2017-06-16,25.198333333333334,24.759999999999998,25.200666666666667,24.673333333333336,6259666.0
2017-06-19,25.0,24.653333333333332,25.113333333333333,24.52,6392331.0
2017-06-20,25.111333333333334,24.816,25.258666666666667,24.648666666666667,7396357.0
2017-06-21,24.956666666666667,25.09333333333333,25.132666666666665,24.534666666666666,4900356.0
2017-06-22,25.199333333333335,25.507333333333335,25.666666666666668,24.904666666666667,7485677.0
2017-06-23,25.496666666666666,25.563333333333333,25.799333333333333,25.28966666666667,6176578.0
2017-06-26,25.779333333333334,25.166,25.796666666666667,24.873333333333335,6575285.0
2017-06-27,25.09333333333333,24.158,25.09333333333333,24.134666666666664,6884529.0
2017-06-28,24.445333333333334,24.749333333333333,24.782666666666668,24.168,6245040.0
2017-06-29,24.707333333333334,24.05,24.733333333333334,23.60666666666667,8180408.0
2017-06-30,24.24733333333333,24.107333333333333,24.45116,23.97458,5759458.0
2017-07-03,24.682666666666666,23.508,24.756666666666668,23.433333333333334,6297330.0
2017-07-05,23.146666666666665,21.805999999999997,23.149333333333335,21.755333333333333,16883496.0
2017-07-06,21.150666666666666,20.588666666666665,21.38599333333333,20.42,19189195.0
2017-07-07,20.9,20.881333333333334,21.133333333333333,20.492,14053750.0
2017-07-10,20.86,21.07,21.195999999999998,20.208666666666666,13702080.0
2017-07-11,21.066666666666666,21.814666666666668,21.818666666666665,20.953333333333333,11400054.0
2017-07-12,22.026666666666664,21.968,22.206666666666667,21.633333333333333,10297839.0
2017-07-13,22.007333333333335,21.56066666666667,22.10666666666667,21.331333333333333,8540442.0
2017-07-14,21.546,21.851999999999997,21.894666666666666,21.41466666666667,5590393.0
2017-07-17,21.70266666666667,21.304666666666666,21.80666666666667,20.896666666666665,9784200.0
2017-07-18,21.166666666666668,21.88266666666667,21.942,21.044,6326961.0
2017-07-19,21.882,21.684,22.11,21.547953333333332,6300735.0
2017-07-20,21.793333333333333,21.994666666666667,22.014666666666667,21.613333333333333,5098707.0
2017-07-21,21.964,21.89333333333333,22.08383333333333,21.72,4826383.0
2017-07-24,22.016000000000002,22.834666666666667,22.893266666666666,22.000666666666667,8552012.0
2017-07-25,23.0,22.64,23.040000000000003,22.276666666666664,6958889.0
2017-07-26,22.69066666666667,22.923333333333336,23.03333333333333,22.541333333333334,4750198.0
2017-07-27,23.066666666666666,22.29733333333333,23.166666666666668,21.752666666666666,8259202.0
2017-07-28,22.459333333333333,22.338,22.64,22.167333333333332,4841257.0
2017-07-31,22.366666666666667,21.564666666666668,22.766000000000002,21.40266666666667,8499335.0
2017-08-01,21.53333333333333,21.304666666666666,21.63,21.075333333333333,8247544.0
2017-08-02,21.262666666666668,21.726,21.808,20.748,9911432.0
2017-08-03,23.022,23.139333333333333,23.333333333333332,22.876666666666665,13448583.0
2017-08-04,23.133333333333333,23.794,23.817999999999998,22.886666666666667,9151520.0
2017-08-07,23.823333333333334,23.678,23.965333333333334,23.516666666666666,6265570.0
2017-08-08,23.83533333333333,24.348000000000003,24.572,23.826666666666664,7363033.0
2017-08-09,24.066666666666666,24.235333333333333,24.666666666666668,23.93,6847245.0
2017-08-10,24.10666666666667,23.69333333333333,24.44336,23.644000000000002,7035192.0
2017-08-11,23.798000000000002,23.847666666666665,24.084,23.574666666666666,4318835.0
2017-08-14,24.308666666666667,24.253333333333334,24.51066666666667,24.173333333333336,4461215.0
2017-08-15,24.346666666666664,24.15533333333333,24.366,23.958,3048074.0
2017-08-16,24.2,24.194000000000003,24.433333333333334,24.168,3328576.0
2017-08-17,24.080666666666666,23.461333333333336,24.22,23.43933333333333,4969222.0
2017-08-18,23.527333333333335,23.163999999999998,23.6,23.053333333333335,5335793.0
2017-08-21,23.054666666666666,22.524,23.054666666666666,22.123333333333335,6458812.0
2017-08-22,22.742,22.756666666666668,22.816,22.4915,4288367.0
2017-08-23,22.599333333333334,23.517999999999997,23.566,22.553606666666667,4914201.0
2017-08-24,23.50133333333333,23.528666666666666,23.777333333333335,23.316,4540652.0
2017-08-25,23.616,23.203333333333333,23.712666666666667,23.153333333333332,3461744.0
2017-08-28,23.151999999999997,23.044,23.156666666666666,22.648000000000003,3718108.0
2017-08-29,22.632,23.157333333333334,23.27,22.583333333333332,4032825.0
2017-08-30,23.311333333333334,23.545333333333335,23.564666666666668,23.133333333333333,3390055.0
2017-08-31,23.57,23.726666666666667,23.896,23.52133333333333,4072795.0
2017-09-01,23.741333333333333,23.69333333333333,23.839333333333332,23.579333333333334,3049546.0
2017-09-05,23.586666666666666,23.305999999999997,23.699333333333335,23.05933333333333,3813862.0
2017-09-06,23.3,22.968666666666664,23.3986,22.770666666666667,4058983.0
2017-09-07,23.065333333333335,23.374000000000002,23.49866666666667,22.896666666666665,4219997.0
2017-09-08,23.266000000000002,22.89333333333333,23.318666666666665,22.82,3248803.0
2017-09-11,23.423333333333336,24.246,24.24733333333333,23.333333333333332,7627917.0
2017-09-12,24.299333333333333,24.183333333333334,24.584,24.026666666666664,5929289.0
2017-09-13,24.254666666666665,24.415333333333333,24.538,23.972666666666665,4161382.0
2017-09-14,24.288666666666664,25.176,25.197333333333333,24.175333333333334,7141663.0
2017-09-15,24.967333333333332,25.320666666666668,25.333333333333332,24.846666666666664,5338678.0
2017-09-18,25.35,25.666666666666668,25.974,25.17866666666667,7149295.0
2017-09-19,25.333333333333332,25.006666666666668,25.492666666666665,24.904666666666667,6256035.0
2017-09-20,24.866666666666667,24.927333333333333,25.2166,24.738,4892872.0
2017-09-21,24.993333333333332,24.432000000000002,25.122,24.300666666666665,4605428.0
2017-09-22,24.432666666666666,23.406,24.659993333333333,23.392,8105653.0
2017-09-25,23.543333333333333,22.999333333333333,23.831266666666664,22.858666666666664,7542161.0
2017-09-26,23.395333333333333,23.016666666666666,23.416,22.726666666666667,7126550.0
2017-09-27,23.326666666666664,22.731333333333335,23.432599999999997,22.7,6010631.0
2017-09-28,22.658666666666665,22.64,22.85,22.36,5279310.0
2017-09-29,22.790666666666667,22.740000000000002,22.978666666666665,22.5734,5062297.0
2017-10-02,22.834666666666664,22.768666666666665,22.913333333333334,22.36733333333333,4901453.0
2017-10-03,22.39333333333333,23.209333333333333,23.236666666666668,22.08533333333333,9981885.0
2017-10-04,23.416666666666668,23.667333333333332,23.908,23.30666666666667,8120353.0
2017-10-05,23.733333333333334,23.688666666666666,23.829,23.423333333333336,4102286.0
2017-10-06,23.540000000000003,23.791999999999998,24.006613333333334,23.483333333333334,4171789.0
2017-10-09,23.31,22.862666666666666,23.45,22.84466666666667,7406324.0
2017-10-10,23.12,23.706,23.708666666666666,23.03536666666667,6914972.0
2017-10-11,23.592666666666666,23.64,23.84,23.409999999999997,4476769.0
2017-10-12,23.529999999999998,23.712,23.98533333333333,23.50933333333333,4047318.0
2017-10-13,23.79866666666667,23.704666666666665,23.899333333333335,23.578666666666667,3528413.0
2017-10-16,23.584,23.373333333333335,23.632,23.144000000000002,5353262.0
2017-10-17,23.394000000000002,23.716666666666665,23.748,23.338,3280670.0
2017-10-18,23.731333333333335,23.976666666666667,24.2,23.608666666666664,4898808.0
2017-10-19,23.704,23.454,23.80976666666667,23.21333333333333,5032884.0
2017-10-20,23.512666666666668,23.006666666666668,23.636666666666667,22.956,4888221.0
2017-10-23,23.325333333333333,22.468,23.33,22.416666666666668,5715817.0
2017-10-24,22.586666666666666,22.48933333333333,22.853333333333335,22.410666666666668,4463807.0
2017-10-25,22.446666666666665,21.722666666666665,22.5,21.570666666666668,8547764.0
2017-10-26,21.851999999999997,21.744666666666667,22.015333333333334,21.546666666666667,4980316.0
2017-10-27,21.316666666666666,21.391333333333332,21.639333333333333,21.110666666666667,6942493.0
2017-10-30,21.278666666666666,21.338666666666665,21.58533333333333,21.15,4236029.0
2017-10-31,21.348666666666666,22.101999999999997,22.13,21.345333333333333,5532647.0
2017-11-01,22.15,21.40533333333333,22.173926666666667,21.350666666666665,7028856.0
2017-11-02,20.008666666666667,19.950666666666667,20.579333333333334,19.508666666666667,19731322.0
2017-11-03,19.966666666666665,20.406,20.416666666666668,19.675333333333334,8835157.0
2017-11-06,20.466666666666665,20.185333333333332,20.5,19.933999999999997,6463227.0
2017-11-07,20.067999999999998,20.403333333333332,20.433333333333334,20.002,5209573.0
2017-11-08,20.366666666666667,20.292666666666666,20.459333333333333,20.086673333333334,4703127.0
2017-11-09,20.166666666666668,20.199333333333335,20.29733333333333,19.753333333333334,5419497.0
2017-11-10,20.166666666666668,20.199333333333335,20.557333333333332,20.123333333333335,4600097.0
2017-11-13,20.008666666666667,21.026666666666664,21.12,19.94066666666667,7536669.0
2017-11-14,21.0,20.58,21.09,20.459999999999997,5661102.0
2017-11-15,20.400666666666666,20.753333333333334,20.832666666666668,20.1,5909055.0
2017-11-16,20.932666666666666,20.833333333333332,21.209333333333333,20.753333333333334,5793324.0
2017-11-17,21.711333333333336,21.003333333333334,21.778000000000002,20.876666666666665,13682753.0
2017-11-20,20.919333333333334,20.582666666666668,21.03333333333333,20.316666666666666,8247650.0
2017-11-21,20.724,21.187333333333335,21.215333333333334,20.580666666666666,7230570.0
2017-11-22,21.118,20.84,21.161333333333335,20.78933333333333,4890091.0
2017-11-24,20.919333333333334,21.03666666666667,21.094,20.733333333333334,3242220.0
2017-11-27,20.883333333333333,21.12066666666667,21.156,20.634,4524921.0
2017-11-28,21.090666666666667,21.17,21.333333333333332,20.928,4916555.0
2017-11-29,21.153333333333332,20.502666666666666,21.2,20.082,8757414.0
2017-11-30,20.570666666666668,20.59,20.71333333333333,20.302666666666667,4345145.0
2017-12-01,20.362666666666666,20.435333333333332,20.688,20.336666666666666,4285954.0
2017-12-04,20.433333333333334,20.346666666666668,20.551,20.040666666666667,5811205.0
2017-12-05,20.133333333333333,20.246666666666666,20.53333333333333,20.066666666666666,4628462.0
2017-12-06,20.006666666666668,20.884,20.892666666666667,20.0,7160938.0
2017-12-07,20.8,20.749333333333333,21.242273333333333,20.736666666666668,4705140.0
2017-12-08,20.973333333333336,21.008666666666667,21.132,20.750666666666667,3442898.0
2017-12-11,20.97533333333333,21.927333333333333,21.933999999999997,20.916666666666668,7937981.0
2017-12-12,22.029999999999998,22.735333333333333,22.762666666666668,22.002,8648534.0
2017-12-13,22.728666666666665,22.601999999999997,22.948,22.433333333333334,6189204.0
2017-12-14,22.733999999999998,22.526,23.162666666666667,22.459999999999997,5744750.0
2017-12-15,22.802666666666667,22.896666666666665,22.926666666666666,22.384,6832071.0
2017-12-18,22.993333333333332,22.591333333333335,23.115333333333336,22.505333333333333,5441450.0
2017-12-19,22.683999999999997,22.073333333333334,22.766000000000002,22.02,6792009.0
2017-12-20,22.179333333333332,21.932000000000002,22.206666666666667,21.669333333333334,5937684.0
2017-12-21,21.972666666666665,22.110666666666667,22.249333333333333,21.814,4344701.0
2017-12-22,21.967333333333332,21.68,22.061333333333334,21.654666666666667,4186131.0
2017-12-26,21.588666666666665,21.15266666666667,21.596,21.10533333333333,4321909.0
2017-12-27,21.066666666666666,20.776,21.17866666666667,20.716666666666665,4645441.0
2017-12-28,20.78333333333333,21.024,21.054666666666666,20.636000000000003,4294689.0
2017-12-29,21.078666666666667,20.756666666666668,21.094,20.666666666666668,3727621.0
2018-01-02,20.8,21.368666666666666,21.474,20.733333333333334,4326988.0
2018-01-03,21.4,21.15,21.683333333333334,21.03666666666667,4185665.0
2018-01-04,20.858,20.974666666666668,21.236666666666668,20.378666666666668,9915932.0
2018-01-05,21.108,21.10533333333333,21.149333333333335,20.8,4578729.0
2018-01-08,21.066666666666666,22.427333333333333,22.468,21.03333333333333,9777059.0
2018-01-09,22.344,22.246,22.586666666666666,21.826666666666664,7109115.0
2018-01-10,22.146666666666665,22.32,22.466666666666665,22.0,4236168.0
2018-01-11,22.349333333333334,22.529999999999998,22.987333333333332,22.217333333333332,6619082.0
2018-01-12,22.575333333333333,22.41466666666667,22.694000000000003,22.244666666666667,4805025.0
2018-01-16,22.502666666666666,22.670666666666666,23.0,22.32,6392397.0
2018-01-17,22.698,23.144000000000002,23.266666666666666,22.65,7062337.0
2018-01-18,23.044666666666668,22.971333333333334,23.486666666666668,22.916,5619990.0
2018-01-19,23.0,23.334666666666667,23.372666666666664,22.84,4812052.0
2018-01-22,23.293333333333333,23.437333333333335,23.85533333333333,23.279999999999998,6157941.0
2018-01-23,24.0,23.519333333333336,24.03333333333333,23.4,5428872.0
2018-01-24,23.638666666666666,23.05933333333333,23.65,22.901333333333334,5251654.0
2018-01-25,23.218,22.509333333333334,23.279999999999998,22.426666666666666,6640964.0
2018-01-26,22.766666666666666,22.85666666666667,22.933333333333334,22.380666666666666,4515013.0
2018-01-29,22.656666666666666,23.302,23.39,22.552,4722025.0
2018-01-30,23.00933333333333,23.054666666666666,23.218,22.811333333333334,4696465.0
2018-01-31,23.167333333333332,23.62066666666667,23.746,23.012666666666668,6076998.0
2018-02-01,23.4,23.283333333333335,23.977333333333334,23.242,4163194.0
2018-02-02,23.229333333333333,22.916666666666668,23.46333333333333,22.700666666666667,3674909.0
2018-02-05,22.531333333333336,22.208666666666666,22.96466666666667,22.2,4053777.0
2018-02-06,21.680666666666664,22.264666666666667,22.41466666666667,21.566666666666666,4937928.0
2018-02-07,22.599333333333334,23.0,23.066666666666666,22.377333333333336,5846823.0
2018-02-08,22.887333333333334,21.015333333333334,23.241333333333333,20.973333333333336,9996464.0
2018-02-09,21.328666666666667,20.694666666666667,21.398666666666667,19.650666666666666,12795099.0
2018-02-12,21.075333333333333,21.04866666666667,21.205333333333332,20.416666666666668,6166161.0
2018-02-13,21.00133333333333,21.577333333333335,21.612666666666666,20.834,4506915.0
2018-02-14,21.389333333333333,21.487333333333332,21.744666666666667,21.234666666666666,3930911.0
2018-02-15,21.633333333333333,22.271333333333335,22.27466666666667,21.493333333333332,5892048.0
2018-02-16,22.166666666666668,22.366,22.874666666666666,22.109333333333332,5585810.0
2018-02-20,22.298000000000002,22.317999999999998,22.722666666666665,22.1,3996951.0
2018-02-21,22.401999999999997,22.220000000000002,22.646,22.211333333333336,3181755.0
2018-02-22,22.368666666666666,23.078,23.162666666666667,22.316666666666666,6940349.0
2018-02-23,23.188666666666666,23.470000000000002,23.666,23.14,5790795.0
2018-02-26,23.566666666666666,23.828,23.933333333333334,23.490666666666666,4312871.0
2018-02-27,23.75,23.399333333333335,23.999333333333333,23.334,4761537.0
2018-02-28,23.504666666666665,22.87066666666667,23.682666666666666,22.814666666666668,6042895.0
2018-03-01,23.000666666666667,22.062,23.244666666666667,22.004666666666665,6885601.0
2018-03-02,21.79866666666667,22.341333333333335,22.348000000000003,21.531333333333336,5092829.0
2018-03-05,22.159333333333333,22.223333333333336,22.516666666666666,21.95266666666667,3823769.0
2018-03-06,22.25,21.88,22.424666666666667,21.802,4285744.0
2018-03-07,21.695999999999998,22.153333333333332,22.166666666666668,21.449333333333335,5007297.0
2018-03-08,22.19066666666667,21.94,22.22,21.75133333333333,3476944.0
2018-03-09,21.60666666666667,21.811333333333334,21.899333333333335,21.491333333333333,5479716.0
2018-03-12,21.907333333333334,23.034,23.147333333333332,21.766666666666666,8212156.0
2018-03-13,21.907333333333334,22.78933333333333,23.147333333333332,21.766666666666666,5932110.0
2018-03-14,22.450666666666667,21.775333333333332,22.654,21.595333333333333,7932511.0
2018-03-15,21.958666666666666,21.706666666666667,22.19,21.406666666666666,6366922.0
2018-03-16,21.528666666666666,21.423333333333336,21.826666666666664,21.27133333333333,6058612.0
2018-03-19,21.1,20.904,21.383333333333333,20.644666666666666,7440766.0
2018-03-20,20.991333333333333,20.703333333333333,21.083333333333332,20.584,4726182.0
2018-03-21,20.683333333333334,21.101999999999997,21.496,20.679333333333332,5927881.0
2018-03-22,20.926,20.60666666666667,21.254666666666665,20.545333333333332,4914307.0
2018-03-23,20.75,20.102666666666668,20.75,20.029999999999998,6600538.0
2018-03-26,20.48933333333333,20.278666666666666,20.505999999999997,19.424,8324639.0
2018-03-27,20.266666666666666,18.612000000000002,20.284666666666666,18.478666666666665,13696168.0
2018-03-28,17.638666666666666,17.185333333333332,17.912,16.806666666666665,21001437.0
2018-03-29,17.099333333333334,17.742,18.064,16.547333333333334,15170749.0
2018-04-02,17.084,16.832,17.35533333333333,16.306,16113968.0
2018-04-03,17.988,17.83533333333333,18.223333333333336,16.966,18844384.0
2018-04-04,16.852,19.12933333333333,19.224666666666668,16.8,19896746.0
2018-04-05,19.28933333333333,20.381333333333334,20.417333333333332,19.21333333333333,19121101.0
2018-04-06,20.066666666666666,19.953333333333333,20.618666666666666,19.7,13520286.0
2018-04-09,20.02466666666667,19.31066666666667,20.633333333333333,19.280666666666665,10249805.0
2018-04-10,19.931333333333335,20.313333333333333,20.473333333333336,19.578666666666667,11024259.0
2018-04-11,20.049333333333333,20.062,20.598666666666666,19.977333333333334,7482945.0
2018-04-12,20.154666666666667,19.60533333333333,20.263333333333332,19.578666666666667,7608769.0
2018-04-13,20.240000000000002,20.022666666666666,20.263333333333332,19.732,7327223.0
2018-04-16,19.933333333333334,19.413999999999998,19.977333333333334,19.267333333333333,6338488.0
2018-04-17,19.258,19.179333333333332,19.478,18.834,7000023.0
2018-04-18,19.40533333333333,19.55666666666667,20.016000000000002,19.21066666666667,6557700.0
2018-04-19,19.40533333333333,20.005333333333333,20.067333333333334,19.236666666666668,6090599.0
2018-04-20,19.678,19.349333333333334,19.99866666666667,19.316666666666666,5627928.0
2018-04-23,19.419333333333334,18.891333333333332,19.441333333333333,18.822,4893378.0
2018-04-24,19.0,18.897333333333332,19.139333333333333,18.564,5685308.0
2018-04-25,18.9,18.712666666666667,19.01066666666667,18.483333333333334,4013574.0
2018-04-26,18.583333333333332,19.032,19.052666666666667,18.433333333333334,4356013.0
2018-04-27,19.02466666666667,19.60533333333333,19.631333333333334,18.921999999999997,4364626.0
2018-04-30,19.574,19.59333333333333,19.915333333333333,19.5,4228172.0
2018-05-01,19.567333333333334,19.994666666666667,20.054666666666666,19.548000000000002,4625603.0
2018-05-02,19.904666666666667,20.076666666666664,20.456666666666667,19.851999999999997,8970370.0
2018-05-03,18.586000000000002,18.96333333333333,19.20266666666667,18.348666666666666,17352130.0
2018-05-04,18.866666666666667,19.605999999999998,19.790666666666667,18.634666666666664,8569354.0
2018-05-07,19.833333333333332,20.184666666666665,20.397333333333332,19.678,8678224.0
2018-05-08,20.053333333333335,20.131333333333334,20.516666666666666,19.933333333333334,5930000.0
2018-05-09,20.027333333333335,20.456666666666667,20.467333333333332,20.003333333333334,5727365.0
2018-05-10,20.5,20.334666666666667,20.866,20.274,5651561.0
2018-05-11,20.513333333333332,20.070666666666668,20.592,19.938666666666666,4679649.0
2018-05-14,20.221333333333334,19.46466666666667,20.329333333333334,19.441333333333333,7286804.0
2018-05-15,19.000666666666667,18.945333333333334,19.130666666666666,18.7,9519173.0
2018-05-16,18.921999999999997,19.098666666666666,19.254,18.770666666666667,5674019.0
2018-05-17,19.06,18.969333333333335,19.279333333333334,18.931333333333335,4420612.0
2018-05-18,18.976666666666667,18.454666666666665,18.976666666666667,18.266666666666666,7251887.0
2018-05-21,18.755333333333333,18.966,19.432666666666666,18.753333333333334,9182571.0
2018-05-22,19.183999999999997,18.334,19.2,18.228,8945756.0
2018-05-23,18.517333333333333,18.604666666666667,18.660666666666668,18.266666666666666,5985053.0
2018-05-24,18.56,18.523333333333333,18.740666666666666,18.326,4176708.0
2018-05-25,18.508666666666667,18.59,18.642666666666667,18.374000000000002,3875082.0
2018-05-29,18.567333333333334,18.917333333333332,19.1,18.409999999999997,5666640.0
2018-05-30,18.886000000000003,19.448,19.667333333333332,18.773333333333333,7489686.0
2018-05-31,19.147333333333332,18.982000000000003,19.358,18.862000000000002,5919721.0
2018-06-01,19.057333333333332,19.454666666666665,19.46333333333333,18.922666666666665,5424386.0
2018-06-04,19.622666666666664,19.782666666666668,19.933333333333334,19.57,4797810.0
2018-06-05,19.846666666666664,19.408666666666665,19.853333333333335,19.116,5995157.0
2018-06-06,20.03333333333333,21.3,21.478,19.832,18767269.0
2018-06-07,21.076666666666664,21.072666666666667,22.0,20.90533333333333,14345271.0
2018-06-08,21.266666666666666,21.177333333333333,21.632,21.14333333333333,8205202.0
2018-06-11,21.500666666666667,22.14,22.31066666666667,21.5,13183473.0
2018-06-12,22.98,22.851333333333333,23.66466666666667,22.53333333333333,22347403.0
2018-06-13,23.113999999999997,22.985333333333333,23.146666666666665,22.653333333333332,9469804.0
2018-06-14,23.175333333333334,23.848000000000003,23.916666666666668,23.10666666666667,10981023.0
2018-06-15,23.589333333333332,23.878,24.311333333333334,23.416666666666668,10848254.0
2018-06-18,23.69333333333333,24.721999999999998,24.915333333333333,23.633333333333333,12073226.0
2018-06-19,24.344,23.503333333333334,24.666666666666668,23.083333333333332,12761903.0
2018-06-20,23.869333333333334,24.148000000000003,24.291999999999998,23.466666666666665,8383656.0
2018-06-21,24.133333333333333,23.167333333333332,24.413999999999998,23.084666666666664,7967145.0
2018-06-22,23.436,22.242,23.483333333333334,22.133333333333333,10266059.0
2018-06-25,22.008,22.200666666666667,22.564666666666668,21.833333333333332,6931304.0
2018-06-26,22.403333333333332,22.8,22.903333333333332,21.72,7452487.0
2018-06-27,23.0,22.966666666666665,23.386000000000003,22.633333333333333,8333727.0
2018-06-28,23.244,23.328666666666667,23.801333333333332,23.074,8398005.0
2018-06-29,23.555333333333333,22.863333333333333,23.590666666666667,22.827333333333335,6492396.0
2018-07-02,24.004666666666665,22.338,24.318666666666665,21.990000000000002,18759765.0
2018-07-03,22.116666666666667,20.724,22.166,20.646,12282638.0
2018-07-05,20.917333333333332,20.610666666666667,20.959333333333333,19.748,17476374.0
2018-07-06,20.33,20.59333333333333,20.804666666666666,20.133333333333333,8865451.0
2018-07-09,20.799333333333333,21.233999999999998,21.234666666666666,20.53333333333333,7596753.0
2018-07-10,21.637333333333334,21.498,21.845333333333333,21.279999999999998,9471498.0
2018-07-11,21.053333333333335,21.264,21.462666666666667,21.004666666666665,4884076.0
2018-07-12,21.42866666666667,21.113999999999997,21.54866666666667,20.851333333333333,5721166.0
2018-07-13,21.038666666666664,21.258,21.305333333333333,20.616666666666667,5875770.0
2018-07-16,20.780666666666665,20.673333333333336,21.01066666666667,20.416666666666668,7818655.0
2018-07-17,20.587333333333333,21.512666666666668,21.649333333333335,20.566666666666666,6996232.0
2018-07-18,21.666666666666668,21.59,21.7,21.083333333333332,5624211.0
2018-07-19,21.088666666666665,21.348666666666666,21.569333333333333,20.933999999999997,5915345.0
2018-07-20,21.415333333333333,20.90533333333333,21.549333333333333,20.780666666666665,5166547.0
2018-07-23,20.122666666666664,20.21333333333333,20.366666666666667,19.524,10992947.0
2018-07-24,20.294666666666668,19.828666666666667,20.514666666666667,19.503333333333334,9590784.0
2018-07-25,19.782666666666668,20.582666666666668,20.641333333333332,19.633333333333333,7094180.0
2018-07-26,20.323333333333334,20.44333333333333,20.71333333333333,20.242666666666665,4630522.0
2018-07-27,20.483333333333334,19.812,20.512666666666668,19.68933333333333,5703326.0
2018-07-30,19.726666666666667,19.34466666666667,19.740000000000002,19.075333333333333,6814072.0
2018-07-31,19.483333333333334,19.875999999999998,19.887999999999998,19.27133333333333,5076916.0
2018-08-01,19.866,20.055999999999997,20.2,19.53333333333333,10129430.0
2018-08-02,21.896,23.302666666666667,23.332666666666668,21.544,23214962.0
2018-08-03,23.187333333333335,23.211333333333336,23.666666666666668,22.83533333333333,13656486.0
2018-08-06,23.030666666666665,22.799333333333333,23.665333333333333,22.788,8564331.0
2018-08-07,22.922666666666665,25.304666666666666,25.830666666666666,22.61,30875768.0
2018-08-08,24.605999999999998,24.68933333333333,25.50933333333333,24.474666666666668,24571163.0
2018-08-09,24.37,23.496666666666666,24.467333333333332,23.04866666666667,17183811.0
2018-08-10,23.6,23.699333333333335,24.0,23.066666666666666,11552044.0
2018-08-13,24.075333333333333,23.76066666666667,24.212666666666667,23.267999999999997,10463881.0
2018-08-14,23.896666666666665,23.176,23.946666666666665,23.14,6986427.0
2018-08-15,22.794,22.579333333333334,22.966,22.142666666666667,9101258.0
2018-08-16,22.660666666666668,22.363333333333333,22.818666666666665,22.254666666666665,6064033.0
2018-08-17,21.566666666666666,20.366666666666667,21.784666666666666,20.23533333333333,18958612.0
2018-08-20,19.446666666666665,20.562666666666665,20.566666666666666,19.21333333333333,17402335.0
2018-08-21,20.707333333333334,21.459999999999997,21.65266666666667,20.6,13172230.0
2018-08-22,21.391333333333332,21.442666666666664,21.592,20.978,5945955.0
2018-08-23,21.276,21.34,21.82133333333333,21.206666666666667,5147286.0
2018-08-24,21.38,21.521333333333335,21.59,21.293333333333333,3602564.0
2018-08-27,21.2,21.284666666666666,21.496,20.587333333333333,13079288.0
2018-08-28,21.227333333333334,20.790666666666667,21.258666666666667,20.746,7649091.0
2018-08-29,20.684666666666665,20.334,20.790000000000003,20.246,7447392.0
2018-08-30,20.150666666666666,20.209999999999997,20.30666666666667,19.848000000000003,7216706.0
2018-08-31,20.133333333333333,20.110666666666667,20.354,19.906666666666666,5375104.0
2018-09-04,19.796,19.263333333333332,19.87933333333333,19.2,8350469.0
2018-09-05,19.003333333333334,18.716,19.118666666666666,18.478666666666665,7720821.0
2018-09-06,18.986666666666668,18.73,19.411333333333335,18.592,7480760.0
2018-09-07,17.34,17.549333333333333,17.89,16.816666666666666,22491931.0
2018-09-10,18.217333333333332,19.033333333333335,19.068666666666665,18.066666666666666,14283528.0
2018-09-11,18.631333333333334,18.62933333333333,18.8,18.236666666666668,9169989.0
2018-09-12,18.762666666666668,19.369333333333334,19.5,18.576666666666664,10015427.0
2018-09-13,19.20133333333333,19.29733333333333,19.666666666666668,19.012,6340336.0
2018-09-14,19.250666666666667,19.68,19.822,19.101333333333333,6765612.0
2018-09-17,19.336000000000002,19.656,20.058,19.208666666666666,6887577.0
2018-09-18,19.779333333333334,18.997333333333334,20.176,18.366666666666667,16547522.0
2018-09-19,18.700666666666667,19.934666666666665,20.0,18.7,8294917.0
2018-09-20,20.237333333333332,19.888666666666666,20.398666666666667,19.555333333333333,7349422.0
2018-09-21,19.846666666666664,19.94,20.038666666666664,19.691333333333333,5050478.0
2018-09-24,19.898666666666667,19.978666666666665,20.2,19.572,4842961.0
2018-09-25,20.0,20.066,20.30666666666667,19.766666666666666,4481729.0
2018-09-26,20.127333333333336,20.638666666666666,20.926,20.074,7843216.0
2018-09-27,20.86,20.50133333333333,20.99733333333333,20.46066666666667,8509084.0
2018-09-28,18.017333333333333,17.651333333333334,18.53333333333333,17.370666666666665,33649700.0
2018-10-01,20.384666666666664,20.71333333333333,20.762666666666668,20.07,21777597.0
2018-10-02,20.93,20.067999999999998,21.122666666666664,19.94333333333333,11743511.0
2018-10-03,20.221999999999998,19.653333333333332,20.30666666666667,19.438,7994988.0
2018-10-04,19.596666666666664,18.788666666666664,19.6,18.511333333333333,9814212.0
2018-10-05,18.31,17.46333333333333,18.325333333333333,17.333333333333332,17944537.0
2018-10-08,17.634666666666664,16.704,17.850666666666665,16.6,13472653.0
2018-10-09,17.016666666666666,17.52,17.784666666666666,16.886666666666667,12060574.0
2018-10-10,17.640666666666668,17.125333333333334,17.700666666666667,16.518,12815278.0
2018-10-11,17.168666666666663,16.81533333333333,17.483333333333334,16.602,8167738.0
2018-10-12,17.4,17.252,17.466,16.800666666666665,7201404.0
2018-10-15,17.270666666666667,17.305999999999997,17.552,16.96933333333333,6199965.0
2018-10-16,17.71333333333333,18.43933333333333,18.492,17.482666666666667,9526401.0
2018-10-17,18.826666666666664,18.118666666666666,18.846666666666664,17.72,8655542.0
2018-10-18,17.95266666666667,17.594,18.066666666666666,17.53333333333333,5421184.0
2018-10-19,17.826,17.333333333333332,17.977333333333334,16.9,9375549.0
2018-10-22,17.378666666666668,17.396666666666665,17.457333333333334,16.839333333333332,5600260.0
2018-10-23,17.591333333333335,19.609333333333332,19.862000000000002,17.473333333333336,19027753.0
2018-10-24,20.07,19.233333333333334,20.296,19.04866666666667,20058258.0
2018-10-25,21.148000000000003,20.990666666666666,21.4,20.067333333333334,20840724.0
2018-10-26,20.55,22.06,22.659999999999997,20.44333333333333,27425520.0
2018-10-29,22.498,22.323333333333334,23.144000000000002,21.766666666666666,14486027.0
2018-10-30,21.892666666666667,21.993333333333332,22.526666666666664,21.483999999999998,9126704.0
2018-10-31,22.169333333333334,22.488,22.8,21.94,7624348.0
2018-11-01,22.550666666666665,22.951999999999998,23.18933333333333,22.315333333333335,8000132.0
2018-11-02,22.916,23.094,23.279999999999998,22.727333333333334,7807971.0
2018-11-05,22.7,22.759999999999998,22.930666666666664,22.00933333333333,7831048.0
2018-11-06,22.604666666666667,22.737333333333332,23.253333333333334,22.406,6762889.0
2018-11-07,22.889333333333333,23.21066666666667,23.412,22.72,7374522.0
2018-11-08,23.233333333333334,23.426666666666666,23.838666666666665,23.229333333333333,7090674.0
2018-11-09,23.266666666666666,23.36733333333333,23.6,23.015333333333334,5098846.0
2018-11-12,23.224666666666668,22.08533333333333,23.318666666666665,22.022666666666666,6941523.0
2018-11-13,22.21066666666667,22.582,22.98,22.146666666666665,5448597.0
2018-11-14,22.846666666666664,22.933333333333334,23.140666666666668,22.476666666666667,5040287.0
2018-11-15,22.822,23.229333333333333,23.238666666666667,22.602666666666668,4625719.0
2018-11-16,23.012666666666668,23.62066666666667,23.71333333333333,23.008,7206191.0
2018-11-19,23.755999999999997,23.564666666666668,24.45,23.525333333333332,9708871.0
2018-11-20,22.78333333333333,23.166,23.32,22.236666666666668,8004709.0
2018-11-21,23.466666666666665,22.546,23.540000000000003,22.493333333333332,4686808.0
2018-11-23,22.28966666666667,21.721999999999998,22.5,21.703333333333333,4202642.0
2018-11-26,21.666666666666668,23.066666666666666,23.081333333333333,21.666666666666668,7992141.0
2018-11-27,22.67,22.928,23.130666666666666,22.366666666666667,6358300.0
2018-11-28,23.066,23.191333333333333,23.218666666666664,22.814,4127578.0
2018-11-29,23.133333333333333,22.744666666666667,23.166666666666668,22.636666666666667,3080724.0
2018-11-30,22.788666666666664,23.365333333333336,23.44,22.550666666666665,5628895.0
2018-12-03,24.0,23.899333333333335,24.4,23.466666666666665,8306511.0
2018-12-04,23.736666666666668,23.98,24.578666666666667,23.466666666666665,8461945.0
2018-12-06,23.733999999999998,24.204,24.492,23.384,7842508.0
2018-12-07,24.6,23.86466666666667,25.299333333333333,23.84333333333333,11511177.0
2018-12-10,24.0,24.34333333333333,24.398666666666667,23.541333333333334,6613455.0
2018-12-11,24.660666666666668,24.450666666666667,24.811333333333334,24.015333333333334,6308769.0
2018-12-12,24.628,24.44,24.794,24.344,5027048.0
2018-12-13,24.676666666666666,25.119333333333334,25.162666666666667,24.45,7365854.0
2018-12-14,25.0,24.380666666666666,25.191333333333333,24.288666666666664,6337555.0
2018-12-17,24.133333333333333,23.228,24.38,22.925333333333334,7674008.0
2018-12-18,23.369333333333334,22.468666666666664,23.436666666666667,22.246,7099999.0
2018-12-19,22.506666666666668,22.198,23.134,21.982666666666667,8274181.0
2018-12-20,21.803333333333335,21.025333333333332,22.019333333333336,20.791333333333334,9071858.0
2018-12-21,21.159999999999997,21.317999999999998,21.564666666666668,20.829333333333334,8016801.0
2018-12-24,20.9,19.692666666666664,20.966666666666665,19.68,5559913.0
2018-12-26,20.0,21.73933333333333,21.798000000000002,19.605999999999998,8163138.0
2018-12-27,21.322666666666663,21.075333333333333,21.478,20.1,8575133.0
2018-12-28,21.540000000000003,22.258,22.416,21.227333333333334,9938992.0
2018-12-31,22.519333333333336,22.186666666666667,22.613999999999997,21.683999999999997,6302338.0
2019-01-02,20.406666666666666,20.674666666666667,21.008666666666667,19.92,11658648.0
2019-01-03,20.466666666666665,20.024,20.626666666666665,19.825333333333333,6965184.0
2019-01-04,20.4,21.179333333333332,21.2,20.182000000000002,7394116.0
2019-01-07,21.448,22.330666666666666,22.449333333333335,21.183333333333334,7551225.0
2019-01-08,22.79733333333333,22.35666666666667,22.933999999999997,21.801333333333332,7008516.0
2019-01-09,22.366666666666667,22.568666666666665,22.9,22.098000000000003,5432945.0
2019-01-10,22.293333333333333,22.998,23.026,22.119333333333334,6056354.0
2019-01-11,22.805999999999997,23.150666666666666,23.227333333333334,22.584666666666664,5039052.0
2019-01-14,22.825333333333333,22.293333333333333,22.833333333333332,22.266666666666666,5247284.0
2019-01-15,22.333333333333332,22.962,23.253333333333334,22.3,6056590.0
2019-01-16,22.98533333333333,23.07,23.466666666666665,22.9,4691739.0
2019-01-17,23.080666666666666,23.154,23.433333333333334,22.94333333333333,3676733.0
2019-01-18,21.53333333333333,20.150666666666666,21.808666666666667,19.982,24150763.0
2019-01-22,20.32133333333333,19.928,20.53333333333333,19.7,12066741.0
2019-01-23,19.5,19.172666666666665,19.633333333333333,18.779333333333334,12529993.0
2019-01-24,18.868666666666666,19.434,19.578666666666667,18.618666666666666,8012155.0
2019-01-25,19.625999999999998,19.802666666666667,19.901333333333334,19.303333333333335,7258078.0
2019-01-28,19.527333333333335,19.758666666666667,19.830666666666666,19.183333333333334,6423279.0
2019-01-29,19.684666666666665,19.830666666666666,19.904,19.453333333333333,4621692.0
2019-01-30,20.029999999999998,20.584666666666667,20.6,19.899333333333335,11250318.0
2019-01-31,20.066666666666666,20.468,20.770666666666667,19.6,12569245.0
2019-02-01,20.361333333333334,20.814,21.073333333333334,20.233333333333334,7283441.0
2019-02-04,20.865333333333336,20.859333333333332,21.02,20.125333333333334,7352082.0
2019-02-05,20.832666666666668,21.423333333333336,21.496,20.816666666666666,6742765.0
2019-02-06,21.305999999999997,21.148000000000003,21.616,21.041333333333334,5038546.0
2019-02-07,20.886666666666667,20.500666666666667,20.98,20.2,6520611.0
2019-02-08,20.455333333333332,20.386666666666667,20.496666666666666,19.9,5844212.0
2019-02-11,20.773333333333333,20.855999999999998,21.240000000000002,20.7,7129713.0
2019-02-12,21.08,20.787333333333333,21.212666666666667,20.641333333333332,5517570.0
2019-02-13,20.823333333333334,20.544666666666668,20.85,20.371333333333332,5141617.0
2019-02-14,20.22533333333333,20.25133333333333,20.45133333333333,20.066666666666666,5200832.0
2019-02-15,20.3,20.525333333333332,20.53333333333333,20.259999999999998,3904947.0
2019-02-19,20.437333333333335,20.375999999999998,20.769333333333336,20.36466666666667,4168443.0
2019-02-20,20.294,20.170666666666666,20.42,19.933333333333334,7142117.0
2019-02-21,20.120666666666665,19.415333333333333,20.21599333333333,19.366666666666667,8909182.0
2019-02-22,19.632666666666665,19.647333333333332,19.766666666666666,19.473333333333336,5740558.0
2019-02-25,19.860666666666667,19.918,20.19333333333333,19.8,6626522.0
2019-02-26,19.481333333333335,19.857333333333333,20.134,19.25133333333333,8582535.0
2019-02-27,20.118666666666666,20.982666666666667,21.086666666666666,20.03666666666667,11183908.0
2019-02-28,21.261333333333333,21.325333333333333,21.333333333333332,20.720666666666666,10520653.0
2019-03-01,20.462666666666667,19.65266666666667,20.47533333333333,19.459999999999997,22911375.0
2019-03-04,19.874666666666666,19.024,19.933333333333334,18.851999999999997,17096818.0
2019-03-05,18.8,18.436,18.933333333333334,18.006666666666668,18764740.0
2019-03-06,18.432000000000002,18.416,18.767333333333333,18.292666666666666,10335485.0
2019-03-07,18.589333333333332,18.43933333333333,18.98,18.28333333333333,9442483.0
2019-03-08,18.46066666666667,18.942666666666664,19.03933333333333,18.392666666666667,8819625.0
2019-03-11,18.901333333333334,19.39466666666667,19.418666666666663,18.7,7392278.0
2019-03-12,19.099333333333334,18.890666666666668,19.204666666666665,18.737333333333332,7504137.0
2019-03-13,18.926666666666666,19.264,19.466,18.846666666666664,6844719.0
2019-03-14,19.496666666666666,19.330666666666666,19.692666666666664,19.219333333333335,7103447.0
2019-03-15,18.900666666666666,18.362000000000002,18.91466666666667,18.293333333333333,14785531.0
2019-03-18,18.4,17.966,18.53666666666667,17.82,10280980.0
2019-03-19,17.833333333333336,17.831333333333337,18.220000000000006,17.564000000000004,11800630.0
2019-03-20,17.979333333333333,18.240000000000002,18.331333333333333,17.753333333333334,6908224.0
2019-03-21,18.173333333333336,18.267999999999997,18.43,17.896666666666665,5947098.0
2019-03-22,18.171999999999997,17.63533333333333,18.186666666666667,17.6,8745609.0
2019-03-25,17.314,17.361333333333334,17.545333333333332,16.964,10215029.0
2019-03-26,17.62933333333333,17.851333333333333,18.017333333333333,17.628666666666668,7350948.0
2019-03-27,17.916666666666668,18.322,18.358,17.878666666666668,8779166.0
2019-03-28,18.477333333333334,18.574666666666666,18.688666666666666,18.34,6774093.0
2019-03-29,18.58,18.657333333333334,18.677333333333333,18.3,5991338.0
2019-04-01,18.841333333333335,19.278666666666666,19.279999999999998,18.752,8110439.0
2019-04-02,19.22,19.058666666666667,19.296,18.925333333333334,5478940.0
2019-04-03,19.154666666666667,19.454,19.744666666666667,19.144666666666666,7929864.0
2019-04-04,17.459333333333333,17.851999999999997,18.08,17.372666666666664,23720729.0
2019-04-05,17.990666666666666,18.330666666666666,18.406666666666666,17.740666666666666,13038257.0
2019-04-08,18.512666666666668,18.21333333333333,18.744,18.029333333333334,10410436.0
2019-04-09,18.11,18.154,18.333333333333332,17.974,5904031.0
2019-04-10,18.449333333333335,18.404,18.558666666666667,18.192666666666664,7061314.0
2019-04-11,17.88666666666667,17.89466666666667,18.03333333333334,17.70666666666667,9835927.0
2019-04-12,18.01466666666667,17.846666666666668,18.130000000000003,17.788666666666668,6745974.0
2019-04-15,17.908666666666665,17.758666666666667,17.925333333333334,17.242,10038579.0
2019-04-16,17.716666666666665,18.224,18.333333333333332,17.648000000000003,7272930.0
2019-04-17,18.316666666666666,18.082,18.319333333333333,17.90266666666667,5126468.0
2019-04-18,18.082,18.217333333333332,18.322666666666663,17.983333333333334,5876325.0
2019-04-22,17.933333333333334,17.516666666666666,17.978666666666665,17.49866666666667,12147141.0
2019-04-23,17.34333333333333,17.59333333333333,17.706666666666667,17.05,10943859.0
2019-04-24,17.590000000000003,17.244000000000003,17.688000000000002,17.200000000000003,10727454.0
2019-04-25,17.0,16.508666666666667,17.266666666666666,16.404666666666667,21849393.0
2019-04-26,16.433333333333334,15.675999999999998,16.445333333333334,15.408666666666667,22360709.0
2019-04-29,15.724,16.098,16.26533333333333,15.478,16714476.0
2019-04-30,16.137333333333334,15.912666666666667,16.28066666666667,15.799999999999999,9464628.0
2019-05-01,15.923333333333332,15.600666666666665,16.0,15.433333333333334,10704354.0
2019-05-02,16.368000000000002,16.273333333333333,16.47533333333333,15.847999999999999,18159339.0
2019-05-03,16.257333333333335,17.002,17.107333333333333,16.232666666666667,23706771.0
2019-05-06,16.668,17.022666666666666,17.223333333333336,16.566666666666666,10833943.0
2019-05-07,17.12,16.470666666666666,17.147333333333332,16.34,10131408.0
2019-05-08,16.462666666666667,16.322666666666667,16.706666666666667,16.279999999999998,6176440.0
2019-05-09,16.133333333333333,16.131999999999998,16.245333333333335,15.796,6711382.0
2019-05-10,15.983333333333333,15.968,16.132666666666665,15.734666666666667,7008336.0
2019-05-13,15.467333333333332,15.133999999999999,15.498,14.966666666666667,10834796.0
2019-05-14,15.286666666666667,15.487333333333334,15.633333333333333,15.2,7252412.0
2019-05-15,15.287999999999998,15.463333333333333,15.496,15.016666666666666,7295976.0
2019-05-16,15.299333333333333,15.222000000000001,15.4,15.1,7483273.0
2019-05-17,14.797333333333334,14.068666666666667,14.816,13.927999999999999,17786666.0
2019-05-20,13.520000000000001,13.690666666666667,13.733333333333333,13.016666666666666,20526195.0
2019-05-21,13.184,13.672,13.826666666666666,13.069333333333333,18003899.0
2019-05-22,13.273333333333333,12.848666666666666,13.596,12.785333333333334,18685187.0
2019-05-23,12.956,13.032666666666668,13.298,12.414666666666667,26547142.0
2019-05-24,13.322000000000001,12.708666666666666,13.331999999999999,12.583333333333334,14136572.0
2019-05-28,12.746666666666666,12.58,13.0,12.523333333333333,10312901.0
2019-05-29,12.473333333333333,12.657333333333334,12.825999999999999,12.335999999999999,11968638.0
2019-05-30,12.583333333333334,12.548,12.817333333333332,12.468,7926475.0
2019-05-31,12.34,12.344,12.661333333333332,12.273333333333333,10406732.0
2019-06-03,12.367333333333333,11.931333333333333,12.445333333333334,11.799333333333333,13064410.0
2019-06-04,12.073333333333332,12.906666666666666,12.931999999999999,11.974,13807522.0
2019-06-05,13.245333333333333,13.106,13.418666666666667,12.79,13510756.0
2019-06-06,13.629333333333333,13.729999999999999,14.066666666666666,13.453333333333333,20242151.0
2019-06-07,13.666666666666666,13.633333333333333,14.056253333333332,13.5666,16003527.0
2019-06-10,14.016666666666666,14.192,14.462666666666665,13.934,10585039.0
2019-06-11,14.609333333333332,14.473333333333333,14.726666666666667,14.233333333333333,11653537.0
2019-06-12,14.863333333333332,13.950666666666667,14.892,13.933333333333334,15197544.0
2019-06-13,14.025333333333332,14.260666666666667,14.326666666666666,13.834,8168260.0
2019-06-14,14.083333333333334,14.328,14.443333333333333,14.026666666666667,7433402.0
2019-06-17,14.365333333333332,15.002,15.133333333333333,14.284666666666666,12316803.0
2019-06-18,15.248,14.982666666666667,15.649333333333333,14.837333333333333,12715788.0
2019-06-19,15.007333333333333,15.095333333333334,15.184666666666667,14.737333333333334,6575135.0
2019-06-20,14.866666666666667,14.641333333333334,15.126666666666667,14.423333333333332,11863462.0
2019-06-21,14.414666666666667,14.790666666666668,14.812,14.366666666666667,8202078.0
2019-06-24,14.882666666666667,14.909333333333333,15.057333333333334,14.734666666666667,5750771.0
2019-06-25,14.959333333333332,14.650666666666666,15.022666666666666,14.632666666666667,6182071.0
2019-06-26,14.687333333333333,14.618,15.148666666666665,14.54,8507208.0
2019-06-27,14.629999999999999,14.856,14.86,14.49,6339710.0
2019-06-28,14.732666666666667,14.897333333333334,15.011333333333333,14.72,6851384.0
2019-07-01,15.347333333333333,15.144666666666666,15.54,15.085333333333333,8237964.0
2019-07-02,15.259333333333332,14.97,15.276666666666667,14.814666666666666,9259027.0
2019-07-03,15.959333333333332,15.66,16.104666666666667,15.633999999999999,14201148.0
2019-07-05,15.638,15.54,15.696666666666665,15.386666666666667,7065738.0
2019-07-08,15.416,15.356,15.483333333333333,15.244,5880542.0
2019-07-09,15.264666666666667,15.337333333333333,15.4,15.152,6190835.0
2019-07-10,15.61,15.927999999999999,15.929333333333332,15.542666666666666,9145736.0
2019-07-11,15.876,15.906666666666666,16.1,15.72,7514430.0
2019-07-12,15.983333333333333,16.33866666666667,16.358666666666664,15.980666666666666,9200521.0
2019-07-15,16.53333333333333,16.9,16.961333333333332,16.324,11000092.0
2019-07-16,16.62,16.825333333333333,16.902,16.528666666666666,8148989.0
2019-07-17,17.044666666666664,16.990666666666666,17.220666666666666,16.89,9764727.0
2019-07-18,17.003333333333334,16.902666666666665,17.05,16.792666666666666,4764483.0
2019-07-19,17.046,17.212,17.330666666666666,16.974666666666668,7048410.0
2019-07-22,17.250000000000004,17.045333333333335,17.47666666666667,16.946,6846273.0
2019-07-23,17.113999999999997,17.34466666666667,17.365333333333336,16.966666666666665,5023121.0
2019-07-24,17.278000000000002,17.658666666666665,17.738,17.21066666666667,11072835.0
2019-07-25,15.566666666666666,15.254666666666667,15.633333333333333,15.036666666666667,22418252.0
2019-07-26,15.127999999999998,15.202666666666666,15.350666666666665,14.816666666666666,10027697.0
2019-07-29,15.139333333333333,15.718,15.729333333333333,15.068666666666667,9273331.0
2019-07-30,15.526666666666667,16.150666666666666,16.224,15.478666666666667,8109014.0
2019-07-31,16.2,16.107333333333333,16.445333333333334,15.776666666666667,9178208.0
2019-08-01,16.176666666666666,15.59,16.300666666666665,15.451333333333334,8259516.0
2019-08-02,15.423333333333332,15.622666666666667,15.751333333333333,15.281999999999998,6136481.0
2019-08-05,15.306666666666667,15.221333333333332,15.424666666666667,15.052,7028279.0
2019-08-06,15.458666666666666,15.383333333333333,15.5,15.049999999999999,5564200.0
2019-08-07,15.1,15.561333333333332,15.571333333333333,15.053333333333335,4776500.0
2019-08-08,15.629999999999999,15.886666666666667,15.986666666666666,15.51,5274349.0
2019-08-09,15.736666666666666,15.667333333333334,15.930666666666667,15.587333333333333,3898244.0
2019-08-12,15.532666666666668,15.267333333333333,15.718,15.25,4663937.0
2019-08-13,15.254,15.666666666666666,15.733333333333333,15.17,4868998.0
2019-08-14,15.414,14.641333333333334,15.433333333333334,14.446,9562591.0
2019-08-15,14.724,14.376,14.770666666666667,14.103333333333333,8231952.0
2019-08-16,14.443999999999999,14.662666666666667,14.816,14.401333333333334,5207376.0
2019-08-19,14.947333333333333,15.122000000000002,15.188666666666668,14.78,5311748.0
2019-08-20,15.174666666666667,15.057333333333334,15.272666666666666,14.969333333333333,4170527.0
2019-08-21,14.800666666666666,14.722000000000001,14.881333333333332,14.506666666666666,7799744.0
2019-08-22,14.853333333333333,14.81,15.026666666666667,14.548,6564964.0
2019-08-23,14.664666666666667,14.093333333333334,14.744666666666665,14.066666666666666,8559704.0
2019-08-26,14.24,14.333333333333334,14.334666666666667,14.102666666666666,5054414.0
2019-08-27,14.382666666666667,14.272,14.586666666666668,14.135333333333334,5420727.0
2019-08-28,14.246,14.372666666666667,14.483333333333333,14.154,3223082.0
2019-08-29,14.6,14.780666666666667,14.893333333333333,14.533333333333333,5183104.0
2019-08-30,15.276666666666667,15.040666666666668,15.496,14.947333333333333,9327775.0
2019-09-03,14.938666666666668,15.000666666666666,15.263333333333332,14.877333333333333,5360546.0
2019-09-04,15.126,14.712,15.230666666666666,14.614,5768696.0
2019-09-05,14.833333333333334,15.305333333333333,15.32,14.723333333333333,7403322.0
2019-09-06,15.146666666666667,15.163333333333332,15.309333333333333,15.011333333333333,4189372.0
2019-09-09,15.333333333333334,15.452666666666666,15.584,15.281999999999998,4802669.0
2019-09-10,15.386666666666667,15.702666666666666,15.702666666666666,15.262666666666666,4883714.0
2019-09-11,15.825333333333333,16.473333333333333,16.544666666666664,15.733333333333333,10042777.0
2019-09-12,16.513333333333332,16.391333333333332,16.9,16.293333333333333,8581210.0
2019-09-13,16.464000000000002,16.346666666666668,16.563333333333336,16.32466666666667,5313145.0
2019-09-16,16.4,16.187333333333335,16.495333333333335,16.078,4728096.0
2019-09-17,16.164666666666665,16.319333333333333,16.37333333333333,16.02466666666667,3946909.0
2019-09-18,16.333333333333332,16.232666666666667,16.544666666666664,16.158,4228103.0
2019-09-19,16.400000000000002,16.44,16.529333333333337,16.32266666666667,4883135.0
2019-09-20,16.432666666666666,16.041333333333334,16.46333333333333,15.877333333333333,6506264.0
2019-09-23,16.0,16.082,16.345333333333333,15.948,4391630.0
2019-09-24,16.101333333333333,14.880666666666666,16.132666666666665,14.840666666666667,12941112.0
2019-09-25,14.970666666666666,15.246666666666666,15.265333333333333,14.557333333333334,9444286.0
2019-09-26,15.377333333333333,16.170666666666666,16.220666666666666,15.16,12078785.0
2019-09-27,16.146666666666665,16.142,16.580666666666666,15.915333333333333,11123179.0
2019-09-30,16.2,16.058,16.26533333333333,15.740666666666668,5946161.0
2019-10-01,16.1,16.312666666666665,16.396666666666665,15.942,6196290.0
2019-10-02,16.21933333333333,16.208666666666666,16.31,15.962,6256548.0
2019-10-03,15.457333333333334,15.535333333333334,15.632,14.952,15137763.0
2019-10-04,15.440666666666667,15.428666666666667,15.652,15.204666666666666,8021180.0
2019-10-07,15.32,15.848,15.904,15.236666666666666,8086957.0
2019-10-08,15.724666666666666,16.003333333333334,16.262666666666668,15.633333333333333,8702338.0
2019-10-09,16.088,16.302,16.486666666666668,16.043333333333333,6935033.0
2019-10-10,16.352,16.316,16.618666666666666,16.105333333333334,6313417.0
2019-10-11,16.476666666666667,16.526,16.738666666666667,16.454,8488159.0
2019-10-14,16.526666666666667,17.130666666666666,17.236666666666668,16.47533333333333,10226863.0
2019-10-15,17.18,17.192666666666664,17.333333333333332,16.941333333333333,6479456.0
2019-10-16,17.159333333333333,17.316666666666666,17.473333333333336,17.128,6704303.0
2019-10-17,17.5,17.46466666666667,17.651999999999997,17.34466666666667,4779043.0
2019-10-18,17.38,17.13,17.52,17.006666666666668,5720888.0
2019-10-21,17.221999999999998,16.9,17.3,16.67866666666667,5020339.0
2019-10-22,16.954666666666665,17.038666666666668,17.221999999999998,16.723333333333333,4625095.0
2019-10-23,16.966666666666665,16.978666666666665,17.076,16.756666666666668,11216182.0
2019-10-24,19.891333333333332,19.978666666666665,20.328666666666667,19.279999999999998,29819231.0
2019-10-25,19.848000000000003,21.875333333333334,22.0,19.740666666666666,30006091.0
2019-10-28,21.836000000000002,21.84733333333333,22.722666666666665,21.506666666666668,18737839.0
2019-10-29,21.332666666666668,21.081333333333337,21.62,20.983333333333334,12684267.0
2019-10-30,20.866666666666667,21.000666666666667,21.252666666666666,20.66466666666667,9641810.0
2019-10-31,20.873333333333335,20.994666666666667,21.266666666666666,20.866666666666667,5066956.0
2019-11-01,21.088,20.887333333333334,21.098666666666666,20.653333333333332,6383929.0
2019-11-04,20.986666666666668,21.16466666666667,21.462666666666667,20.61733333333333,8787040.0
2019-11-05,21.308,21.148000000000003,21.567333333333334,21.074666666666666,6943417.0
2019-11-06,21.2,21.772,21.781333333333336,20.966666666666665,7940932.0
2019-11-07,21.942666666666664,22.369333333333334,22.766666666666666,21.868,14467348.0
2019-11-08,22.3,22.476,22.49733333333333,22.166666666666668,6074221.0
2019-11-11,22.93,23.005999999999997,23.279333333333334,22.8,9993689.0
2019-11-12,23.126666666666665,23.328666666666667,23.358,22.936,7359383.0
2019-11-13,23.666666666666668,23.074,23.755333333333333,23.012,8467863.0
2019-11-14,23.074,23.290000000000003,23.589333333333332,22.860666666666667,6471703.0
2019-11-15,23.375999999999998,23.478,23.52,23.224,4812563.0
2019-11-18,23.528000000000002,23.332666666666668,23.543333333333333,23.073333333333334,4408505.0
2019-11-19,23.45,23.968,23.999333333333333,23.186666666666667,7736078.0
2019-11-20,24.0,23.481333333333335,24.08,23.304666666666666,6733965.0
2019-11-21,23.634,23.65533333333333,24.055999999999997,23.6,6110013.0
2019-11-22,22.677333333333333,22.20266666666667,22.733333333333334,22.0,16870642.0
2019-11-25,22.954666666666665,22.422666666666665,22.971333333333334,22.29733333333333,12345765.0
2019-11-26,22.351333333333333,21.928,22.366666666666667,21.80666666666667,7956239.0
2019-11-27,22.074666666666666,22.086000000000002,22.262,21.904666666666667,5563459.0
2019-11-29,22.074,21.996,22.084,21.833333333333332,2465629.0
2019-12-02,21.959999999999997,22.324666666666666,22.425333333333334,21.912666666666667,6081986.0
2019-12-03,22.174666666666667,22.413333333333334,22.527333333333335,22.146,6613476.0
2019-12-04,22.516666666666666,22.201999999999998,22.524,22.19,5536255.0
2019-12-05,22.188666666666666,22.02466666666667,22.294666666666668,21.816666666666666,3736976.0
2019-12-06,22.333333333333332,22.392666666666667,22.590666666666667,22.317999999999998,7618937.0
2019-12-09,22.43933333333333,22.63533333333333,22.96333333333333,22.338666666666665,9040217.0
2019-12-10,22.663999999999998,23.255999999999997,23.382,22.620666666666665,8839951.0
2019-12-11,23.458666666666666,23.513333333333332,23.812666666666665,23.406,6919162.0
2019-12-12,23.661333333333335,23.978666666666665,24.182666666666666,23.54866666666667,7776211.0
2019-12-13,24.07,23.892666666666667,24.34733333333333,23.642666666666667,6574281.0
2019-12-16,24.17,25.433333333333334,25.574,24.166666666666668,18220940.0
2019-12-17,25.266000000000002,25.266000000000002,25.7,25.06,8503775.0
2019-12-18,25.375333333333334,26.209999999999997,26.348000000000003,25.372,14136392.0
2019-12-19,26.488,26.936,27.123333333333335,26.433333333333334,18120307.0
2019-12-20,27.352666666666668,27.03933333333333,27.53333333333333,26.679333333333332,14785206.0
2019-12-23,27.451999999999998,27.948,28.134,27.333333333333332,13332821.0
2019-12-24,27.890666666666668,28.35,28.36466666666667,27.512666666666664,8054720.0
2019-12-26,28.527333333333335,28.729333333333333,28.898666666666667,28.423333333333336,10648289.0
2019-12-27,29.0,28.692,29.020666666666667,28.407333333333334,9956827.0
2019-12-30,28.586000000000002,27.646666666666665,28.599999999999998,27.284,12601265.0
2019-12-31,27.0,27.888666666666666,28.086000000000002,26.805333333333333,10292456.0
2020-01-02,28.3,28.684,28.71333333333333,28.113999999999997,9558386.0
2020-01-03,29.366666666666667,29.534,30.266666666666666,29.128,17794697.0
2020-01-06,29.36466666666667,30.102666666666668,30.104,29.333333333333332,10157499.0
2020-01-07,30.759999999999998,31.270666666666667,31.442,30.224,18209138.0
2020-01-08,31.58,32.809333333333335,33.23266666666667,31.215333333333334,31199393.0
2020-01-09,33.14,32.08933333333333,33.25333333333333,31.524666666666665,28463186.0
2020-01-10,32.11933333333334,31.876666666666665,32.32933333333333,31.58,12976832.0
2020-01-13,32.9,34.99066666666667,35.042,32.8,26307458.0
2020-01-14,36.284,35.86133333333333,36.494,34.99333333333333,29061377.0
2020-01-15,35.31733333333334,34.56666666666667,35.85600000000001,34.45266666666667,17368831.0
2020-01-16,32.916666666666664,34.23266666666667,34.297333333333334,32.81133333333334,21736653.0
2020-01-17,33.840666666666664,34.03333333333333,34.378,33.544000000000004,13629073.0
2020-01-21,35.35,36.480000000000004,36.572,35.227333333333334,17447270.0
2020-01-22,38.126,37.970666666666666,39.63333333333333,37.27333333333333,31369028.0
2020-01-23,37.61666666666667,38.14666666666667,38.8,37.04,19651042.0
2020-01-24,38.042,37.65466666666667,38.257333333333335,36.95066666666666,14353600.0
2020-01-27,36.132666666666665,37.20133333333333,37.629333333333335,35.952,13608068.0
2020-01-28,37.89933333333333,37.79333333333333,38.45399999999999,37.205333333333336,11788493.0
2020-01-29,38.379333333333335,38.73266666666667,39.31999999999999,37.82866666666666,18216672.0
2020-01-30,42.16133333333333,42.720666666666666,43.391999999999996,41.2,29005676.0
2020-01-31,42.666666666666664,43.37133333333334,43.53333333333333,42.168,15719266.0
2020-02-03,44.91266666666667,52.0,52.40933333333333,44.90133333333333,47233495.0
2020-02-04,58.864000000000004,59.13733333333333,64.59933333333333,55.592,60938758.0
2020-02-05,54.884,48.980000000000004,56.398666666666664,46.940666666666665,48423837.0
2020-02-06,46.66133333333333,49.93066666666667,53.05533333333334,45.8,39880752.0
2020-02-07,48.70333333333333,49.87133333333334,51.31666666666666,48.666666666666664,17063521.0
2020-02-10,53.333333333333336,51.41866666666667,54.666,50.16,24689163.0
2020-02-11,51.25266666666666,51.62533333333333,52.234,50.53333333333333,11697473.0
2020-02-12,51.858,51.15266666666666,52.65,50.891333333333336,12022470.0
2020-02-13,49.456,53.6,54.53333333333333,49.0,26289348.0
2020-02-14,52.48133333333333,53.33533333333333,54.198,52.36666666666667,15693711.0
2020-02-18,56.10666666666667,57.22666666666667,57.333333333333336,55.49066666666667,16698369.0
2020-02-19,61.56666666666666,61.16133333333333,62.98533333333333,60.068,25422958.0
2020-02-20,60.79666666666667,59.96066666666666,60.8,57.32933333333334,17634893.0
2020-02-21,60.465333333333334,60.06666666666667,60.870666666666665,58.696666666666665,14339446.0
2020-02-24,55.93333333333333,55.586,57.56666666666666,54.81333333333333,15192163.0
2020-02-25,56.6,53.32733333333333,57.10666666666667,52.46666666666667,17290481.0
2020-02-26,52.166666666666664,51.919999999999995,54.22066666666666,51.74066666666667,14153843.0
2020-02-27,48.666666666666664,45.266666666666666,49.318,44.6,24277160.0
2020-02-28,41.980000000000004,44.532666666666664,46.034666666666666,40.768,24564171.0
2020-03-02,47.41733333333333,49.574666666666666,49.57933333333334,45.778,20194991.0
2020-03-03,53.666666666666664,49.70066666666666,53.79866666666667,47.74066666666667,25784003.0
2020-03-04,50.93066666666667,49.96666666666667,51.10133333333333,48.315333333333335,15048977.0
2020-03-05,48.251333333333335,48.30266666666667,49.71666666666667,47.87133333333334,10852657.0
2020-03-06,46.0,46.89866666666667,47.13333333333333,45.617999999999995,12662918.0
2020-03-09,40.35933333333333,40.53333333333333,44.2,40.333333333333336,17073740.0
2020-03-10,43.961999999999996,43.022000000000006,44.53333333333333,40.53333333333333,15594443.0
2020-03-11,42.68,42.282000000000004,43.572,40.86666666666667,13413587.0
2020-03-12,38.726,37.37,39.63333333333333,36.416666666666664,18909052.0
2020-03-13,39.666666666666664,36.44133333333333,40.50466666666667,33.46666666666667,22640254.0
2020-03-16,31.3,29.671333333333333,32.99133333333333,29.478,20489464.0
2020-03-17,29.334,28.68,31.456666666666667,26.4,23994580.0
2020-03-18,25.933333333333334,24.081333333333337,26.990666666666666,23.36733333333333,23625005.0
2020-03-19,24.98,28.509333333333334,30.133333333333333,23.897333333333332,30195460.0
2020-03-20,29.21333333333333,28.502,31.8,28.386,28285502.0
2020-03-23,28.906666666666666,28.95266666666667,29.466666666666665,27.366666666666667,16454549.0
2020-03-24,31.82,33.666666666666664,34.246,31.599999999999998,22895170.0
2020-03-25,36.35,35.95,37.13333333333333,34.074,21222745.0
2020-03-26,36.492666666666665,35.21066666666666,37.333333333333336,34.15,17422082.0
2020-03-27,33.666666666666664,34.29066666666667,35.05333333333333,32.93533333333333,14377408.0
2020-03-30,34.01733333333333,33.47533333333333,34.44333333333333,32.748666666666665,11998067.0
2020-03-31,33.416666666666664,34.93333333333333,36.19733333333333,33.13333333333333,17771485.0
2020-04-01,33.6,32.104,34.263333333333335,31.673333333333336,13353180.0
2020-04-02,32.068666666666665,30.298000000000002,32.95066666666666,29.759999999999998,19858427.0
2020-04-03,33.96666666666667,32.00066666666667,34.366,31.226,22562076.0
2020-04-06,34.080000000000005,34.416000000000004,34.73333333333334,33.19733333333334,14901836.0
2020-04-07,36.333333333333336,36.36333333333334,37.666666666666664,35.489333333333335,17919784.0
2020-04-08,36.94666666666667,36.589333333333336,37.147333333333336,35.55533333333334,12656024.0
2020-04-09,37.47266666666667,38.2,38.34533333333333,37.14066666666667,13650000.0
2020-04-13,39.343999999999994,43.39666666666667,43.46666666666667,38.702,22475421.0
2020-04-14,46.598,47.326,49.458666666666666,46.162,30576511.0
2020-04-15,49.46666666666667,48.65533333333334,50.208666666666666,47.333333333333336,23577001.0
2020-04-16,47.79600000000001,49.68066666666667,50.63,47.114666666666665,20657862.0
2020-04-17,51.48533333333333,50.25933333333333,51.663333333333334,49.843999999999994,13128237.0
2020-04-20,48.84666666666667,49.757333333333335,51.038000000000004,47.48066666666667,14746577.0
2020-04-21,48.67466666666667,45.781333333333336,50.222,44.91933333333333,20209093.0
2020-04-22,46.932,48.80733333333333,48.93333333333333,45.914,14224831.0
2020-04-23,48.50666666666667,47.042,48.93333333333333,46.87533333333333,13236697.0
2020-04-24,47.38733333333333,48.343333333333334,48.715333333333334,46.54533333333333,13237612.0
2020-04-27,49.174,53.25,53.29933333333333,49.0,20681442.0
2020-04-28,53.04266666666666,51.27466666666667,53.666666666666664,50.446000000000005,15221964.0
2020-04-29,52.678,53.367333333333335,53.54666666666667,52.21066666666666,16215982.0
2020-04-30,57.01266666666667,52.12533333333333,57.988,50.9,28471854.0
2020-05-01,50.333333333333336,46.75466666666667,51.518,45.535999999999994,32531807.0
2020-05-04,46.733333333333334,50.746,50.8,46.53333333333333,19237090.0
2020-05-05,52.65266666666666,51.214000000000006,53.26133333333333,50.812,16991656.0
2020-05-06,51.766666666666666,52.172000000000004,52.65333333333333,50.74066666666667,11123231.0
2020-05-07,51.814,52.00266666666666,53.093333333333334,51.49,11527686.0
2020-05-08,52.918,54.628,54.93333333333333,52.46733333333333,16130087.0
2020-05-11,52.70066666666666,54.086,54.93333333333333,52.333333333333336,16519601.0
2020-05-12,55.13333333333333,53.96066666666666,56.21933333333333,53.86666666666667,15906905.0
2020-05-13,54.722,52.73066666666667,55.06666666666666,50.88666666666666,19065491.0
2020-05-14,52.0,53.55533333333334,53.55733333333333,50.93333333333333,13682188.0
2020-05-15,52.69,53.278,53.669999999999995,52.43666666666666,10518428.0
2020-05-18,55.18533333333333,54.242,55.648,53.592,11698102.0
2020-05-19,54.34466666666666,53.867333333333335,54.80466666666667,53.73866666666667,9636522.0
2020-05-20,54.699999999999996,54.370666666666665,55.06666666666666,54.12,7309271.0
2020-05-21,54.4,55.17333333333333,55.5,53.06666666666666,12182524.0
2020-05-22,54.81133333333333,54.458666666666666,55.452,54.13333333333333,9987475.0
2020-05-26,55.63333333333333,54.59133333333333,55.64,54.38066666666667,8089736.0
2020-05-27,54.724,54.682,55.18066666666667,52.333333333333336,11549530.0
2020-05-28,54.234,53.720666666666666,54.983333333333334,53.446000000000005,7275774.0
2020-05-29,53.916666666666664,55.666666666666664,55.666666666666664,53.614000000000004,11812489.0
2020-06-01,57.199999999999996,59.873333333333335,59.93333333333333,56.94,15085297.0
2020-06-02,59.64666666666667,58.77066666666666,60.57733333333333,58.06666666666666,13565596.0
2020-06-03,59.208,58.864000000000004,59.86266666666667,58.67333333333333,7949469.0
2020-06-04,59.32533333333333,57.62533333333333,59.71666666666667,57.22933333333334,8887713.0
2020-06-05,58.522666666666666,59.044,59.10133333333333,57.74666666666667,7811917.0
2020-06-08,61.266666666666666,63.327999999999996,63.333333333333336,60.61066666666667,14174727.0
2020-06-09,62.66733333333333,62.71133333333333,63.629333333333335,61.59533333333333,11388154.0
2020-06-10,66.12533333333333,68.33666666666666,68.49866666666667,65.5,18563413.0
2020-06-11,66.01333333333335,64.85600000000001,67.93066666666668,64.80000000000001,15916482.0
2020-06-12,65.33333333333333,62.352,65.86533333333334,60.84,16763374.0
2020-06-15,61.186,66.06,66.58933333333333,60.56666666666666,15697178.0
2020-06-16,67.45666666666666,65.47533333333334,67.52533333333334,64.15933333333334,14051078.0
2020-06-17,65.84733333333334,66.11933333333333,67.0,65.50466666666667,9890800.0
2020-06-18,66.86666666666666,66.93066666666667,67.94666666666667,66.298,9751936.0
2020-06-19,67.51866666666666,66.72666666666666,67.73133333333334,66.08933333333333,8679749.0
2020-06-22,66.66333333333334,66.288,67.25866666666667,66.00133333333333,6362350.0
2020-06-23,66.592,66.78533333333333,67.46666666666667,66.26733333333333,6365271.0
2020-06-24,66.274,64.05666666666667,66.72533333333334,63.54266666666666,10959593.0
2020-06-25,63.617999999999995,65.732,65.732,62.47666666666667,9254549.0
2020-06-26,66.31866666666666,63.98266666666667,66.33333333333333,63.658,8854908.0
2020-06-29,64.60066666666667,67.29,67.33333333333333,63.234673333333326,9026404.0
2020-06-30,67.1,71.98733333333332,72.51266666666668,66.91533333333334,16918501.0
2020-07-01,72.2,74.64200000000001,75.68866666666666,72.03333333333333,13326897.0
2020-07-02,81.432,80.57733333333334,81.86666666666666,79.03999999999999,17250127.0
2020-07-06,85.11266666666667,91.43866666666666,91.85266666666666,84.40266666666666,20570284.0
2020-07-07,93.66733333333333,92.65733333333333,95.3,89.114,21493301.0
2020-07-08,93.66666666666667,91.05866666666667,94.484,87.42266666666666,16330188.0
2020-07-09,93.13266666666667,92.952,93.904,90.08533333333332,11718292.0
2020-07-10,93.06666666666666,102.97666666666667,103.26133333333334,91.734,23346353.0
2020-07-13,110.6,99.804,119.666,98.074,39003179.0
2020-07-14,103.73333333333333,101.11999999999999,106.0,95.4,23428079.0
2020-07-15,102.86666666666666,103.06733333333334,103.33333333333333,97.13333333333333,16368690.0
2020-07-16,98.47733333333333,100.04266666666668,102.114,97.73333333333333,14300795.0
2020-07-17,100.89666666666668,100.056,102.50066666666666,99.33333333333333,9332637.0
2020-07-20,101.26733333333333,109.53333333333333,110.0,99.2,16697299.0
2020-07-21,109.32866666666666,104.55733333333333,111.66666666666667,103.86666666666666,16029826.0
2020-07-22,106.6,106.15533333333333,108.428,104.13333333333333,14161080.0
2020-07-23,111.93,100.87133333333333,112.6,98.718,24328504.0
2020-07-24,94.40066666666667,94.46666666666667,97.66666666666667,91.10267333333333,19396616.0
2020-07-27,95.66666666666667,102.64,103.196,94.20002,16048669.0
2020-07-28,100.26666666666667,98.43266666666666,104.31333333333333,98.29466666666667,15808700.0
2020-07-29,100.06666666666666,99.94066666666666,102.32066666666667,99.13333333333333,9426893.0
2020-07-30,99.2,99.166,100.88266666666667,98.06666666666666,7621039.0
2020-07-31,101.0,95.384,101.13666666666666,94.732,12246960.0
2020-08-03,96.61333333333333,99.0,100.65400666666666,96.29229333333333,8809346.0
2020-08-04,99.66733333333333,99.13333333333334,101.82733333333334,97.46666666666667,8414990.0
2020-08-05,99.53266666666667,99.00133333333333,99.98922666666667,97.88733333333333,4978015.0
2020-08-06,99.38866666666667,99.30533333333332,101.154,98.484,5992313.0
2020-08-07,99.9691,96.84733333333334,99.98333333333333,94.334,8896420.0
2020-08-10,96.53333333333333,94.57133333333333,97.16666666666667,92.38933333333333,7522264.0
2020-08-11,93.06666666666666,91.626,94.66666666666667,91.0,8625834.0
2020-08-12,98.0,103.65066666666667,105.66666666666667,95.66666666666667,21898834.0
2020-08-13,107.39999999999999,108.06666666666666,110.07866666666666,104.484,20425308.0
2020-08-14,110.99933333333333,110.04733333333334,111.25333333333333,108.44266666666667,12577614.0
2020-08-17,111.8,122.376,123.05733333333332,111.52199999999999,20023104.0
2020-08-18,126.59933333333333,125.806,128.26,123.00733333333332,16474491.0
2020-08-19,124.33333333333333,125.23533333333333,127.39999999999999,122.74733333333333,12205331.0
2020-08-20,124.04533333333333,133.45533333333333,134.79933333333332,123.80399999999999,20611796.0
2020-08-21,136.31733333333332,136.66533333333334,139.69933333333333,135.00333333333333,21489559.0
2020-08-24,141.75166666666667,134.28,141.93333333333334,128.50133333333332,20063621.0
2020-08-25,131.65933333333334,134.88933333333333,135.19666666666666,131.2,10658893.0
2020-08-26,137.33333333333334,143.54466666666667,144.4,136.90860666666669,14239382.0
2020-08-27,145.364,149.25,153.04,142.83333333333334,23693043.0
2020-08-28,153.00799999999998,147.56,154.56599999999997,145.768,20081176.0
2020-08-31,148.20333333333332,166.10666666666665,166.7133333333333,146.70333333333332,115847020.0
2020-09-01,167.38,158.35,167.49666666666667,156.83666666666664,90119419.0
2020-09-02,159.66333333333333,149.12333333333333,159.68,135.0402,96176128.0
2020-09-03,135.74333333333334,135.66666666666666,143.93333333333334,134.0,87596086.0
2020-09-04,134.26999999999998,139.44,142.66666666666666,124.0067,110321885.0
2020-09-08,118.66666666666666,110.07,122.91333333333333,109.96,115465691.0
2020-09-09,118.86666666666667,122.09333333333332,123.0,113.83666666666666,79465769.0
2020-09-10,128.73666666666665,123.77999999999999,132.99666666666667,120.18666666666667,84930608.0
2020-09-11,127.31333333333333,124.24000000000001,127.5,120.16666666666666,60717459.0
2020-09-14,126.98333333333332,139.87333333333333,140.0,124.43333333333334,83020608.0
2020-09-15,145.51999999999998,149.92,153.98,143.56666666666666,97298228.0
2020-09-16,146.62333333333333,147.25333333333333,152.59666666666666,145.10333333333332,72546760.0
2020-09-17,138.53333333333336,141.14333333333335,145.93000000000004,136.00003333333333,76779163.0
2020-09-18,149.31333333333333,147.38333333333333,150.33333333333331,142.93333333333334,86406819.0
2020-09-21,151.04333333333332,149.79666666666665,151.89333333333332,135.69,109476800.0
2020-09-22,143.2,141.41,145.92,139.20003333333332,79580795.0
2020-09-23,135.05333333333337,126.78666666666668,137.38333333333335,125.29336666666669,95074176.0
2020-09-24,121.26666666666668,129.26333333333335,133.16666666666669,117.10000000000002,96561061.0
2020-09-25,131.1566666666667,135.78,136.24410000000003,130.43333333333337,67208459.0
2020-09-28,141.54000000000002,140.4,142.69333333333336,138.51666666666668,49719561.0
2020-09-29,138.66666666666666,139.69,142.83333333333331,137.2,50341404.0
2020-09-30,140.44,143.00333333333333,144.64333333333332,140.15666666666667,48145566.0
2020-10-01,146.92000000000002,149.38666666666668,149.6266666666667,144.8066666666667,50741454.0
2020-10-02,140.4633333333333,138.36333333333332,146.37666666666667,138.33333333333331,71430025.0
2020-10-05,141.1166666666667,141.89333333333335,144.54666666666668,139.77666666666667,44722786.0
2020-10-06,141.26333333333332,137.99333333333334,142.9266333333333,135.35,49146259.0
2020-10-07,139.95666666666668,141.76666666666668,143.3,137.94833333333335,43127709.0
2020-10-08,146.14666666666665,141.97333333333333,146.33333333333331,141.76666666666665,40421116.0
2020-10-09,143.37666666666667,144.66666666666666,144.86329999999998,142.15336666666667,28925656.0
2020-10-12,147.33333333333331,147.43333333333334,149.57999999999998,146.19333333333333,38791133.0
2020-10-13,147.78333333333333,148.88333333333333,149.63,145.53333333333333,34463665.0
2020-10-14,149.92666666666668,153.76666666666668,155.3,149.1166666666667,48045394.0
2020-10-15,150.10333333333332,149.62666666666667,152.19,147.5,35672354.0
2020-10-16,151.48,146.55666666666667,151.98329999999999,146.28333333333333,32775879.0
2020-10-19,148.74666666666667,143.60999999999999,149.0,142.95666666666665,36287843.0
2020-10-20,143.91666666666669,140.64666666666668,143.91666666666669,139.68336666666667,31656289.0
2020-10-21,140.89999999999998,140.88,144.31666666666666,140.41666666666666,32370461.0
2020-10-22,147.30666666666667,141.93,148.41,141.50333333333333,39993191.0
2020-10-23,140.61333333333334,140.21,140.96196666666668,135.79336666666669,33716980.0
2020-10-26,137.21,140.09333333333333,141.92000000000002,136.66666666666669,28239161.0
2020-10-27,141.25333333333333,141.56,143.5,140.03333333333333,22686506.0
2020-10-28,138.82666666666668,135.34,139.53333333333336,135.33333333333334,25451409.0
2020-10-29,136.6533333333333,136.94333333333333,139.35333333333332,135.48666666666665,22655308.0
2020-10-30,135.6318,129.34666666666666,135.86383333333333,126.37,42587639.0
2020-11-02,131.33333333333331,133.50333333333333,135.65996666666666,130.76666666666665,29021118.0
2020-11-03,136.57666666666665,141.29999999999998,142.58999999999997,135.56333333333333,34351715.0
2020-11-04,143.54000000000002,140.32666666666668,145.13333333333335,139.03333333333336,32143057.0
2020-11-05,142.76666666666668,146.03,146.66666666666669,141.33336666666668,28414523.0
2020-11-06,145.36666666666667,143.31666666666666,145.5233333333333,141.42666666666665,21706014.0
2020-11-09,146.5,140.42,150.83333333333331,140.33333333333331,34833025.0
2020-11-10,140.02999999999997,136.78666666666666,140.02999999999997,132.01003333333333,30284224.0
2020-11-11,138.81666666666666,139.04333333333332,139.565,136.85999999999999,17357722.0
2020-11-12,138.35,137.25333333333333,141.0,136.50666666666666,19940500.0
2020-11-13,136.95,136.16666666666666,137.51063333333332,133.88666666666666,19830351.0
2020-11-16,136.31000000000003,136.03,137.48333333333335,134.6956,26838635.0
2020-11-17,153.39000000000001,147.20333333333335,154.00000000000003,144.33666666666667,61188281.0
2020-11-18,149.45000000000002,162.21333333333334,165.33333333333334,147.83336666666668,78044024.0
2020-11-19,164.0,166.42333333333332,169.53706666666665,162.5233333333333,62475346.0
2020-11-20,165.9966666666667,163.20333333333335,167.50000000000003,163.02,32911922.0
2020-11-23,167.83333333333334,173.95000000000002,175.33333333333334,167.26333333333335,50260304.0
2020-11-24,180.13333333333333,185.12666666666667,186.66333333333333,175.4,52058771.0
2020-11-25,183.35333333333332,191.33333333333334,191.33333333333334,181.79000000000002,48930162.0
2020-11-27,193.71999999999997,195.25333333333333,199.5933333333333,192.81666666666666,37561078.0
2020-11-30,200.7366666666667,189.20000000000002,202.6,184.83666666666667,63003052.0
2020-12-01,199.19666666666666,194.92,199.28333333333333,190.6833333333333,39133346.0
2020-12-02,185.48000000000002,189.60666666666668,190.51333333333332,180.40333333333334,47775653.0
2020-12-03,196.67333333333332,197.79333333333332,199.65666666666667,194.14333333333332,42552003.0
2020-12-04,197.00333333333333,199.67999999999998,199.67999999999998,195.16666666666666,29401314.0
2020-12-07,201.6399,213.92,216.26186666666666,201.01666666666665,56309709.0
2020-12-08,208.50166666666667,216.62666666666667,217.0933333333333,206.16666666666666,64265029.0
2020-12-09,217.89666666666668,201.49333333333334,218.10666666666668,196.0,71291190.0
2020-12-10,191.45666666666665,209.02333333333334,209.25,188.78,67083153.0
2020-12-11,205.00333333333336,203.33,208.00000000000003,198.93333333333334,46474974.0
2020-12-14,206.33333333333331,213.27666666666667,214.24996666666667,203.40003333333334,52040649.0
2020-12-15,214.42666666666668,211.08333333333334,215.63333333333335,207.93333333333334,45223559.0
2020-12-16,209.41000000000003,207.59,210.83333333333334,201.66666666666669,42095813.0
2020-12-17,209.39666666666668,218.63333333333333,219.60666666666668,206.5,56270144.0
2020-12-18,222.96666666666664,231.66666666666666,231.66666666666666,209.51333333333332,222126194.0
2020-12-21,222.07999999999998,216.62,222.83333333333331,215.35666666666668,58045264.0
2020-12-22,216.00000000000003,213.4466666666667,216.6266666666667,204.74333333333337,51861644.0
2020-12-23,210.73333333333338,215.32666666666668,217.16663333333338,207.5233666666667,33172972.0
2020-12-24,214.33000000000004,220.59,222.03000000000003,213.66666666666669,22865568.0
2020-12-28,224.83666666666664,221.23000000000002,227.13333333333333,220.26666666666665,31553561.0
2020-12-29,220.33333333333331,221.99666666666667,223.29999999999998,218.33333333333331,22910811.0
2020-12-30,224.00000000000003,231.59333333333333,232.20000000000005,222.78676666666672,42846021.0
2020-12-31,233.33000000000004,235.22333333333333,239.57333333333338,230.37333333333336,49649928.0
2021-01-04,239.82,243.25666666666666,248.1633,239.06316666666663,48638189.0
2021-01-05,241.21999999999997,245.03666666666666,246.94666666666666,239.73333333333335,32245165.0
2021-01-06,252.82999999999998,251.99333333333334,258.0,249.7,44699965.0
2021-01-07,259.21,272.0133333333333,272.33,258.4,51498948.0
2021-01-08,285.3333333333333,293.34,294.83,279.4633333333333,75055528.0
2021-01-11,283.1333333333334,270.3966666666667,284.81,267.8740666666667,59554146.0
2021-01-12,277.00000000000006,283.1466666666667,289.33333333333337,275.78000000000003,45985569.0
2021-01-13,284.2533333333334,284.80333333333334,286.8233333333334,277.33333333333337,33312496.0
2021-01-14,281.13000000000005,281.6666666666667,287.6666666666667,279.58333333333337,31266327.0
2021-01-15,284.0,275.38666666666666,286.6333333333333,273.0333333333333,38777596.0
2021-01-19,279.26666666666665,281.51666666666665,283.3333333333333,277.66666666666663,25366980.0
2021-01-20,286.24666666666667,283.48333333333335,286.5,279.0933333333333,25665883.0
2021-01-21,285.00000000000006,281.66333333333336,285.2399666666667,280.4733666666667,20598133.0
2021-01-22,278.1033333333333,282.2133333333333,282.66666666666663,276.20666666666665,20066497.0
2021-01-25,285.0,293.59999999999997,300.1333333333333,279.6067,41173397.0
2021-01-26,297.12666666666667,294.36333333333334,298.6333333333333,290.5333333333333,23131603.0
2021-01-27,290.11666666666673,288.05333333333334,297.1666666666667,286.22,27333955.0
2021-01-28,273.3333333333333,278.47666666666663,282.66666666666663,267.0,26378048.0
2021-01-29,276.66676666666666,264.51,280.8033333333333,260.0333333333333,34990754.0
2021-02-01,271.43,279.93666666666667,280.6666666666667,265.18670000000003,25391385.0
2021-02-02,281.56,290.93,293.50000000000006,280.73353333333336,23998098.0
2021-02-03,292.34000000000003,284.8966666666667,292.6933333333334,284.35486666666674,18343510.0
2021-02-04,285.0,283.33,285.5,277.8066666666666,15812661.0
2021-02-05,281.66666666666663,284.07666666666665,288.25666666666666,279.65666666666664,18566637.0
2021-02-08,289.89000000000004,287.8066666666667,292.59000000000003,284.9166666666667,20161719.0
2021-02-09,285.04,283.15333333333336,286.6,280.58333333333337,15027305.0
2021-02-10,281.2116666666667,268.27333333333337,281.60666666666674,266.67333333333335,35723444.0
2021-02-11,270.8133333333334,270.55333333333334,276.62663333333336,267.24166666666673,21622753.0
2021-02-12,267.0866666666667,272.04,272.4433333333334,261.7768666666667,23768313.0
2021-02-16,272.6666666666667,265.4066666666667,273.6666666666667,264.1466666666667,19802324.0
2021-02-17,259.6966666666667,266.05,266.6133333333334,254.00333333333336,25878526.0
2021-02-18,260.29999999999995,262.46,264.89666666666665,258.75666666666666,17957058.0
2021-02-19,265.00000000000006,260.43333333333334,265.5966333333334,259.1233333333334,18958255.0
2021-02-22,254.2133333333333,238.16666666666666,256.16666666666663,236.73333333333335,36594555.0
2021-02-23,220.71000000000004,232.9466666666667,237.8699666666667,206.33333333333334,66606882.0
2021-02-24,237.28333333333336,247.34,248.33333333333337,231.39000000000001,36766950.0
2021-02-25,242.04999999999998,227.40666666666667,245.7355333333333,223.52666666666667,38126722.0
2021-02-26,233.33333333333331,225.16666666666666,235.56666666666666,219.83666666666664,39767316.0
2021-03-01,230.0366666666667,239.47666666666666,239.66666666666669,228.35000000000002,27136239.0
2021-03-02,239.42666666666668,228.81333333333336,240.37000000000003,228.33333333333337,23732158.0
2021-03-03,229.32999999999998,217.73333333333335,233.56666666666666,217.235,30207960.0
2021-03-04,218.59999999999997,207.14666666666668,222.81666666666666,200.0,64799898.0
2021-03-05,208.68666666666667,199.3166666666667,209.28063333333336,179.83,89396459.0
2021-03-08,200.1833333333333,187.66666666666666,206.70833333333331,186.26333333333332,51786958.0
2021-03-09,202.72666666666663,224.52666666666667,226.03,198.40333333333334,67523328.0
2021-03-10,233.4333333333333,222.68666666666664,239.28333333333333,218.3533333333333,60605672.0
2021-03-11,233.13333333333335,233.20000000000002,234.16666666666669,225.7266666666667,36253892.0
2021-03-12,223.33333333333331,231.24333333333334,231.62666666666667,222.04646666666667,33583840.0
2021-03-15,231.36333333333334,235.98000000000002,237.72666666666663,228.01333333333332,29423479.0
2021-03-16,234.45,225.62666666666667,235.9733333333333,223.66666666666666,32195672.0
2021-03-17,218.95666666666665,233.93666666666664,234.57666666666665,217.00333333333333,40372453.0
2021-03-18,228.0966666666667,217.72,229.74333333333337,217.33333333333337,33369022.0
2021-03-19,215.53333333333333,218.29,219.07666666666665,208.20669999999998,42893978.0
2021-03-22,228.19666666666672,223.33333333333334,233.2066666666667,222.91666666666669,39512221.0
2021-03-23,225.2566666666667,220.72,225.93333333333334,219.17000000000002,30491870.0
2021-03-24,222.63666666666668,210.09,222.67333333333335,210.0366666666667,33795174.0
2021-03-25,204.33333333333334,213.46333333333334,215.16666666666669,203.16666666666669,39224850.0
2021-03-26,213.95666666666665,206.23666666666668,214.60666666666668,199.9633333333333,33852827.0
2021-03-29,205.2133333333333,203.76333333333332,205.49333333333334,198.67333333333332,28636985.0
2021-03-30,200.58333333333331,211.87333333333333,212.5533333333333,197.00333333333333,39432359.0
2021-03-31,215.54,222.64333333333332,224.0,213.70333333333332,33337288.0
2021-04-01,229.4566666666667,220.58333333333334,230.8067666666667,219.80666666666667,35298378.0
2021-04-05,235.90333333333336,230.35,236.05333333333334,228.23333333333338,41842767.0
2021-04-06,230.09999999999997,230.54,232.1833333333333,227.12333333333333,28271839.0
2021-04-07,229.0,223.65666666666667,230.45999999999998,222.61333333333334,26309433.0
2021-04-08,225.79333333333332,227.9333333333333,229.84996666666666,223.88166666666666,23924329.0
2021-04-09,225.92333333333332,225.67333333333332,226.99,223.14333333333332,21437087.0
2021-04-12,228.56666666666666,233.99333333333334,234.9333333333333,227.36333333333334,29135670.0
2021-04-13,237.56666666666666,254.10666666666668,254.33333333333331,236.88666666666666,44652808.0
2021-04-14,256.90000000000003,244.07666666666668,260.2633333333334,242.67666666666668,49017434.0
2021-04-15,247.7,246.28333333333333,247.89666666666668,240.43666666666664,27848900.0
2021-04-16,242.88333333333335,246.59333333333333,249.80333333333334,241.53333333333336,27979526.0
2021-04-19,239.8666666666667,238.21,241.8,230.60003333333339,39686226.0
2021-04-20,239.14,239.66333333333333,245.75,236.89499999999998,35609038.0
2021-04-21,234.92333333333332,248.04,248.28,232.66666666666666,31215514.0
2021-04-22,247.16666666666666,239.89666666666668,251.25666666666666,239.34666666666664,35590255.0
2021-04-23,239.9333333333333,243.13333333333333,245.78666666666666,238.48666666666668,28413889.0
2021-04-26,247.00000000000003,246.0666666666667,249.76666666666668,244.2017666666667,31038502.0
2021-04-27,239.32,234.91333333333333,241.33333333333331,234.45003333333332,29436995.0
2021-04-28,232.13666666666668,231.46666666666667,236.16666666666669,231.20000000000005,22271047.0
2021-04-29,233.17,225.66666666666666,234.08333333333331,222.83339999999998,28845449.0
2021-04-30,222.53,236.48000000000002,238.49,222.04666666666665,40758722.0
2021-05-03,234.59999999999997,228.29999999999998,235.33333333333331,226.83333333333331,27043143.0
2021-05-04,226.31333333333333,224.53333333333333,227.81546666666668,219.23366666666666,29739319.0
2021-05-05,227.01999999999998,223.64666666666668,228.43183333333332,222.44666666666666,21901894.0
2021-05-06,226.92,221.17999999999998,227.00666666666666,216.66666666666666,27784619.0
2021-05-07,221.9333333333333,224.12333333333333,230.0,220.07333333333332,23469172.0
2021-05-10,221.63333333333333,209.67999999999998,221.6833333333333,209.20336666666665,31392417.0
2021-05-11,199.74666666666667,205.73333333333335,209.0333,198.53333333333333,46503896.0
2021-05-12,200.82999999999998,196.63,206.8033333333333,195.5883333333333,33823646.0
2021-05-13,200.51500000000001,190.56333333333336,202.1533,186.55,44184916.0
2021-05-14,194.47,196.58,197.62333333333336,190.15333333333336,33370856.0
2021-05-17,191.8510333333333,192.27666666666667,196.57666666666665,187.06666666666666,32390360.0
2021-05-18,189.33333333333331,192.62333333333333,198.75,187.79333333333332,36830567.0
2021-05-19,184.18333333333334,187.82000000000002,188.7366666666667,182.32666666666668,39578395.0
2021-05-20,191.66666666666669,195.59333333333333,196.28333333333336,190.3566666666667,30821119.0
2021-05-21,198.70333333333332,193.62666666666667,198.89333333333332,193.33333333333331,26030595.0
2021-05-24,193.86666666666667,202.14666666666668,204.82666666666665,191.21666666666664,34558089.0
2021-05-25,202.43666666666667,201.56333333333336,204.66333333333336,198.57000000000002,28005933.0
2021-05-26,202.51999999999998,206.37666666666667,208.7233333333333,200.5,28639305.0
2021-05-27,206.74666666666667,210.28333333333333,210.37666666666667,205.40333333333334,26370593.0
2021-05-28,209.5,208.40666666666667,211.86333333333334,207.45999999999998,22737038.0
2021-06-01,209.26666666666668,207.96666666666667,211.26666666666668,206.85,18084890.0
2021-06-02,206.71,201.70666666666668,207.7866666666667,199.71333333333334,23302779.0
2021-06-03,200.6,190.9466666666667,201.51666666666668,190.4066666666667,30111893.0
2021-06-04,193.23666666666668,199.6833333333333,200.20333333333332,192.4,24036896.0
2021-06-07,197.27500000000003,201.71,203.33333333333334,194.29333333333335,22543682.0
2021-06-08,207.67000000000002,201.1966666666667,207.6966666666667,198.50000000000003,26053405.0
2021-06-09,200.72333333333333,199.59333333333333,203.93,199.21003333333334,16584566.0
2021-06-10,201.29333333333332,203.37333333333333,205.53,200.16666666666666,23919606.0
2021-06-11,203.41,203.29666666666665,204.18666666666664,200.50666666666666,16205303.0
2021-06-14,204.07666666666665,205.89666666666668,208.49666666666667,203.05999999999997,20423983.0
2021-06-15,205.56333333333333,199.78666666666666,205.59666666666664,199.41,17764145.0
2021-06-16,199.1783333333333,201.62333333333333,202.83333333333331,197.83333333333331,21845739.0
2021-06-17,200.62926666666664,205.53333333333333,207.15666666666667,200.44666666666666,22701350.0
2021-06-18,204.45666666666665,207.76999999999998,209.45,203.9333333333333,24560905.0
2021-06-21,208.16000000000003,206.94333333333336,210.46333333333334,202.96,24812741.0
2021-06-22,206.08333333333331,207.90333333333334,209.5231,205.16666666666666,19158892.0
2021-06-23,210.66666666666666,218.85666666666668,219.06799999999998,210.01333333333332,31099228.0
2021-06-24,224.99666666666667,226.60666666666668,232.54,222.53666666666666,45982386.0
2021-06-25,229.86000000000004,223.95666666666668,231.27,222.90000000000003,32496707.0
2021-06-28,223.88000000000002,229.57333333333335,231.56663333333336,223.44000000000005,21628159.0
2021-06-29,228.21666666666664,226.92,229.16996666666665,225.29666666666665,17381313.0
2021-06-30,226.59000000000003,226.5666666666667,230.93666666666667,226.04666666666668,18924862.0
2021-07-01,227.97333333333336,225.97333333333333,229.33000000000004,224.26666666666668,18634522.0
2021-07-02,226.32666666666665,226.29999999999998,233.33333333333331,224.42,27097374.0
2021-07-06,227.23716666666667,219.86,228.0,217.1334,23284450.0
2021-07-07,221.42333333333332,214.88333333333333,221.9,212.77333333333334,18791960.0
2021-07-08,209.45666666666668,217.60333333333332,218.14333333333335,206.82000000000002,22773316.0
2021-07-09,217.7283333333333,218.98333333333335,219.63666666666666,214.89666666666668,18140548.0
2021-07-12,220.73333333333338,228.5666666666667,229.08000000000004,220.72033333333337,25927042.0
2021-07-13,228.77333333333337,222.84666666666666,231.09333333333336,222.09860000000003,20966092.0
2021-07-14,223.58333333333331,217.79333333333332,226.2033,217.61333333333334,21641190.0
2021-07-15,219.4633333333333,216.86666666666667,222.04666666666665,212.62666666666667,20209571.0
2021-07-16,218.22666666666663,214.74,218.89996666666664,214.06666666666666,16370970.0
2021-07-19,209.9633333333333,215.40666666666667,215.73329999999999,207.09666666666664,21297090.0
2021-07-20,217.32999999999998,220.16666666666666,220.7972,213.50033333333332,15487127.0
2021-07-21,219.87,218.42999999999998,221.61996666666667,216.76336666666668,13953338.0
2021-07-22,218.81426666666667,216.42,220.7233333333333,214.86669999999998,15105727.0
2021-07-23,215.45333333333338,214.46,216.26666666666668,212.4333666666667,14604944.0
2021-07-26,216.99000000000004,219.20666666666668,222.7333,215.70333333333338,25336556.0
2021-07-27,221.13333333333333,214.92666666666665,222.16666666666666,209.07999999999998,32813290.0
2021-07-28,215.665,215.66,218.32330000000002,213.13336666666663,16006596.0
2021-07-29,216.59666666666664,225.78333333333333,227.89666666666668,216.26666666666665,29688446.0
2021-07-30,223.91933333333338,229.0666666666667,232.51000000000002,223.00000000000003,29656411.0
2021-08-02,233.33333333333331,236.55666666666664,242.31333333333333,232.79999999999998,33615765.0
2021-08-03,239.66666666666669,236.58,240.88333333333335,233.67000000000002,21620253.0
2021-08-04,237.00000000000003,236.97333333333333,241.63333333333335,236.31,17002647.0
2021-08-05,238.66666666666669,238.21,240.31663333333336,237.13666666666668,12919637.0
2021-08-06,237.29999999999998,233.03333333333333,238.77666666666667,232.54333333333332,15623049.0
2021-08-09,236.7233333333333,237.92,239.67666666666665,235.04333333333332,14715349.0
2021-08-10,237.99666666666667,236.66333333333333,238.86333333333334,233.95999999999998,13432305.0
2021-08-11,237.57000000000005,235.94000000000003,238.39333333333335,234.7366666666667,9800558.0
2021-08-12,235.44666666666666,240.75,240.9333333333333,233.13333333333333,17681686.0
2021-08-13,241.23666666666668,239.05666666666664,243.29999999999998,238.11333333333334,16671844.0
2021-08-16,235.02333333333337,228.72333333333333,236.50000000000003,225.4666666666667,23103303.0
2021-08-17,224.21999999999997,221.90333333333334,224.86,216.28,23721279.0
2021-08-18,223.24929999999998,229.66333333333333,231.92333333333332,223.11666666666667,20349375.0
2021-08-19,226.07,224.49,228.84999999999997,222.53,14313486.0
2021-08-20,227.61666666666667,226.75333333333333,230.70996666666667,224.56666666666666,14841865.0
2021-08-23,228.48066666666665,235.4333333333333,237.37663333333333,226.91683333333333,20264859.0
2021-08-24,236.89333333333332,236.16333333333333,238.40666666666667,234.2133333333333,13083071.0
2021-08-25,235.67666666666668,237.0666666666667,238.99000000000004,234.66666666666669,12645562.0
2021-08-26,236.10333333333335,233.72,238.4666666666667,232.54003333333335,13214292.0
2021-08-27,235.0,237.30666666666664,238.33333333333331,234.03336666666667,13833763.0
2021-08-30,238.23833333333334,243.63666666666666,243.66666666666666,237.57666666666665,18604220.0
2021-08-31,244.33333333333331,245.24,246.79666666666665,242.14666666666668,20855436.0
2021-09-01,244.69333333333338,244.6966666666667,247.33000000000004,243.75670000000002,13204335.0
2021-09-02,244.83333333333331,244.13,246.99,243.51333333333332,12796739.0
2021-09-03,244.08313333333334,244.52333333333334,244.66666666666666,241.4,15271045.0
2021-09-07,246.66666666666669,250.97333333333333,253.40000000000003,246.42000000000002,20039825.0
2021-09-08,253.86,251.29,254.81666666666666,246.9244333333333,18793036.0
2021-09-09,251.13666666666666,251.62,254.03333333333333,250.54336666666666,14077731.0
2021-09-10,253.2,245.42333333333332,254.20333333333332,244.8400333333333,15184170.0
2021-09-13,246.73809999999997,247.66666666666666,248.26,236.28333333333333,22952482.0
2021-09-14,247.52333333333334,248.16333333333333,251.49,245.46666666666664,18524881.0
2021-09-15,248.33333333333337,251.94333333333336,252.2866666666667,246.12000000000003,15357685.0
2021-09-16,250.94333333333338,252.33,252.97000000000003,249.20333333333338,13923393.0
2021-09-17,252.38333333333333,253.16333333333333,253.67999999999998,250.0,28204176.0
2021-09-20,244.85256666666663,243.39,247.33333333333331,239.54163333333332,24757652.0
2021-09-21,244.93,246.46,248.24663333333336,243.48000000000005,16330723.0
2021-09-22,247.8421,250.64666666666668,251.2233,246.37333333333333,15126272.0
2021-09-23,251.66666666666669,251.21333333333334,252.73333333333338,249.30666666666667,11947527.0
2021-09-24,248.63,258.13,258.26666666666665,248.18666666666664,21373022.0
2021-09-27,257.7066666666667,263.7866666666667,266.33333333333337,256.43666666666667,28070657.0
2021-09-28,262.40000000000003,259.18666666666667,265.21333333333337,255.3933666666667,25381422.0
2021-09-29,259.93333333333334,260.43666666666667,264.50000000000006,256.8933333333334,20942877.0
2021-09-30,260.3333333333333,258.49333333333334,263.0435,258.3333333333333,17955961.0
2021-10-01,259.4666666666667,258.4066666666667,260.26000000000005,254.53000000000003,17031414.0
2021-10-04,265.5,260.51,268.98996666666665,258.70666666666665,30483341.0
2021-10-05,261.5987333333333,260.19666666666666,265.77,258.06666666666666,18432625.0
2021-10-06,258.7333333333334,260.9166666666667,262.22,257.74000000000007,14632768.0
2021-10-07,261.82000000000005,264.5366666666667,268.33333333333337,261.1266666666667,19195782.0
2021-10-08,265.4033333333333,261.83,265.46,260.3033333333333,16738604.0
2021-10-11,262.54999999999995,263.98,267.08,261.8333333333333,14200322.0
2021-10-12,266.97666666666663,268.5733333333333,270.7733333333333,265.5233333333333,22020040.0
2021-10-13,270.15666666666664,270.36,271.8033333333333,268.5933333333333,14120075.0
2021-10-14,271.83000000000004,272.77333333333337,273.4166666666667,271.11670000000004,12247170.0
2021-10-15,274.57946666666663,281.01,281.07,274.1166666666667,18924567.0
2021-10-18,283.93,290.0366666666667,291.7533333333334,283.8233333333334,24207244.0
2021-10-19,292.51,288.09,292.65,287.50333333333333,17381128.0
2021-10-20,288.45,288.59999999999997,289.83,285.7933333333333,14032052.0
2021-10-21,285.3333333333333,298.0,300.0,285.16819999999996,31481454.0
2021-10-22,298.5,303.22666666666663,303.3333333333333,296.9866666666667,22880835.0
2021-10-25,316.8433333333333,341.61999999999995,348.34,314.73333333333335,62852099.0
2021-10-26,341.56333333333333,339.47666666666663,364.98,333.81333333333333,62414968.0
2021-10-27,346.5533333333334,345.9533333333333,356.9600000000001,343.59333333333336,38526459.0
2021-10-28,356.1016666666667,359.0133333333333,360.3333333333333,351.4,27213173.0
2021-10-29,360.61999999999995,371.3333333333333,371.7366666666667,357.73499999999996,29918417.0
2021-11-01,381.66666666666663,402.8633333333333,403.25,372.88666666666666,54868952.0
2021-11-02,386.4516666666667,390.6666666666667,402.86333333333334,382.00000000000006,42450935.0
2021-11-03,392.44333333333327,404.61999999999995,405.13,384.2066666666666,34628519.0
2021-11-04,411.47,409.97,414.49666666666667,405.66666666666663,25397410.0
2021-11-05,409.3333333333333,407.3633333333333,413.28999999999996,402.66666666666663,21628812.0
2021-11-08,383.2616666666667,387.6466666666667,399.00000000000006,377.6666666666667,33445715.0
2021-11-09,391.2,341.1666666666667,391.50000000000006,337.17333333333335,58525547.0
2021-11-10,336.8033333333333,355.98333333333335,359.3666666666666,329.1033333333333,42802722.0
2021-11-11,367.59,354.50333333333333,368.3233333333333,351.56,22396568.0
2021-11-12,349.16666666666663,344.47333333333336,351.5,339.73333333333335,25147852.0
2021-11-15,339.21000000000004,337.7966666666667,343.9933333333334,326.20000000000005,34775649.0
2021-11-16,334.4366666666666,351.57666666666665,352.39996666666667,334.05999999999995,26542359.0
2021-11-17,354.50333333333333,363.00333333333333,373.21333333333337,351.8333333333333,31445365.0
2021-11-18,368.84999999999997,365.46000000000004,370.66666666666663,358.34,20898930.0
2021-11-19,366.28999999999996,379.02,379.5733,364.23333333333335,21642258.0
2021-11-22,387.44333333333327,385.6233333333333,400.65,377.4766666666667,33072509.0
2021-11-23,389.17,369.6766666666667,393.4999666666667,354.2333333333334,36171700.0
2021-11-24,360.13,372.0,377.59,354.0,22560238.0
2021-11-26,366.49000000000007,360.64000000000004,369.59423333333336,360.33333333333337,11680890.0
2021-11-29,366.99666666666667,378.99666666666667,380.89,366.73,19464467.0
2021-11-30,381.4566666666666,381.58666666666664,389.3333333333333,372.66666666666663,27092038.0
2021-12-01,386.8983333333333,365.0,390.9466333333333,363.58666666666664,22934698.0
2021-12-02,366.3533333333333,361.5333333333333,371.0,352.2166666666667,24371623.0
2021-12-03,361.59666666666664,338.3233333333333,363.52509999999995,333.4033333333333,30773995.0
2021-12-06,333.83666666666664,336.33666666666664,340.5466666666666,316.8333333333333,27221037.0
2021-12-07,348.06666666666666,350.5833333333333,352.55796666666663,342.27,18694857.0
2021-12-08,350.9033333333333,356.32,357.46000000000004,344.3333666666666,13968790.0
2021-12-09,353.5466666666667,334.59999999999997,354.1633333333333,334.12,19812832.0
2021-12-10,336.25,339.01,340.3265666666666,327.51,19888122.0
2021-12-13,333.69666666666666,322.13666666666666,335.0,317.14,26198502.0
2021-12-14,315.0,319.50333333333333,322.13666666666666,310.0,23602090.0
2021-12-15,317.7366666666667,325.33,326.24996666666664,309.4167,25056410.0
2021-12-16,331.5,308.9733333333333,331.65999999999997,307.2833333333333,27590483.0
2021-12-17,304.9233333333333,310.8566666666667,320.21996666666666,303.0133666666667,33626754.0
2021-12-20,303.56666666666666,299.98,307.22946666666667,297.7966666666666,18826671.0
2021-12-21,305.62333333333333,312.8433333333333,313.16666666666663,295.37333333333333,23839305.0
2021-12-22,321.8866666666667,336.29,338.55330000000004,319.0166666666667,31211362.0
2021-12-23,335.6,355.6666666666667,357.6589,332.52000000000004,30904429.0
2021-12-27,357.89000000000004,364.6466666666667,372.33333333333337,356.90506666666676,23715273.0
2021-12-28,369.83,362.8233333333333,372.99996666666664,359.47333333333336,20107969.0
2021-12-29,366.21333333333337,362.06333333333333,368.0,354.71333333333337,18718015.0
2021-12-30,353.77666666666664,356.78,365.1833333333333,351.05,15680313.0
2021-12-31,357.8148,352.26,360.6666333333333,351.53,13466216.0
2022-01-03,382.58333333333337,399.9266666666667,400.3566666666667,378.68,34895349.0
2022-01-04,396.5166666666667,383.19666666666666,402.6666666666667,374.35,33416086.0
2022-01-05,382.21666666666675,362.70666666666665,390.11333333333334,360.3367,26706599.0
2022-01-06,359.00000000000006,354.90000000000003,362.6666666666667,340.1666666666667,30112158.0
2022-01-07,360.1233333333333,342.32,360.3099666666667,336.66666666666663,28054916.0
2022-01-10,333.33333333333337,352.70666666666665,353.03333333333336,326.6666666666667,30604959.0
2022-01-11,351.22333333333336,354.8,358.6166666666666,346.2733333333333,21593308.0
2022-01-12,359.6166666666666,368.74,371.6133333333333,357.5300333333333,27913005.0
2022-01-13,369.68833333333333,343.8533333333333,371.8666666666666,342.17969999999997,32403264.0
2022-01-14,339.96,349.86999999999995,350.66666666666663,337.7929333333333,24308137.0
2022-01-18,342.20166666666665,343.50333333333333,356.92996666666664,338.6866666666666,22158412.0
2022-01-19,347.23499999999996,331.8833333333333,351.55663333333337,331.66666666666663,24870215.0
2022-01-20,336.57666666666665,332.09,347.22,331.3333333333333,23496248.0
2022-01-21,332.11333333333334,314.6333333333333,334.84999999999997,313.5,34472009.0
2022-01-24,301.58666666666664,310.0,311.1710333333333,283.8233333333333,50791714.0
2022-01-25,304.73333333333335,306.1333333333333,317.08666666666664,301.07,28865302.0
2022-01-26,317.47666666666663,312.46999999999997,329.23,302.0,34955761.0
2022-01-27,311.12,276.3666666666667,311.7966666666666,276.3333333333333,49036523.0
2022-01-28,277.1866666666666,282.1166666666667,285.8333333333333,264.00333333333333,44929650.0
2022-01-31,290.9033333333333,312.24,312.6633333333333,287.34999999999997,34812032.0
2022-02-01,311.73666666666674,310.4166666666667,314.5666666666667,301.6666666666667,24379446.0
2022-02-02,309.3933333333333,301.88666666666666,310.5,296.46999999999997,22264345.0
2022-02-03,294.00000000000006,297.0466666666667,312.33333333333337,293.5066666666667,26285186.0
2022-02-04,299.0733333333334,307.77333333333337,312.1666666666667,293.72333333333336,24541822.0
2022-02-07,307.92999999999995,302.44666666666666,315.9233333333333,300.90296666666666,20331488.0
2022-02-08,301.8433333333333,307.3333333333333,308.76329999999996,298.26666666666665,16909671.0
2022-02-09,311.6666666666667,310.6666666666667,315.42330000000004,306.6666666666667,17419848.0
2022-02-10,302.78999999999996,301.51666666666665,314.6033333333333,298.9,22042277.0
2022-02-11,303.21000000000004,286.6666666666667,305.32000000000005,283.5666666666667,26548623.0
2022-02-14,287.19000000000005,291.92,299.62663333333336,284.3833333333334,22585472.0
2022-02-15,300.0,307.47666666666663,307.66666666666663,297.79246666666666,19216514.0
2022-02-16,304.68333333333334,307.7966666666667,308.8099666666667,300.40333333333336,17098132.0
2022-02-17,304.41999999999996,292.1166666666667,306.1666333333333,291.3666666666667,18392806.0
2022-02-18,295.33333333333337,285.66,295.6233333333334,279.2033333333334,22833947.0
2022-02-22,278.0433333333333,273.8433333333333,285.5779333333333,267.03336666666667,27387874.0
2022-02-23,276.80999999999995,254.67999999999998,278.4332333333333,253.51999999999998,31752336.0
2022-02-24,233.46333333333337,266.92333333333335,267.4933333333334,233.33333333333337,45107425.0
2022-02-25,269.74333333333334,269.95666666666665,273.16666666666663,260.80016666666666,25355921.0
2022-02-28,271.66999999999996,290.1433333333333,292.28666666666663,271.56916666666666,33002289.0
2022-03-01,289.8933333333333,288.12333333333333,296.62666666666667,284.5933333333333,24922287.0
2022-03-02,290.71000000000004,293.2966666666667,295.4933333333334,281.4240333333334,24881146.0
2022-03-03,292.9233333333333,279.7633333333333,295.4796666666666,277.53336666666667,20541169.0
2022-03-04,283.03333333333336,279.43,285.2166666666667,275.0536333333334,22393287.0
2022-03-07,285.4333333333333,268.1933333333333,288.7133333333333,268.19,24164724.0
2022-03-08,265.1766666666667,274.8,283.33000000000004,260.72333333333336,26799702.0
2022-03-09,279.82666666666665,286.3233333333333,286.8533333333333,277.33666666666664,19727993.0
2022-03-10,283.8166666666667,279.43333333333334,284.8166666666667,270.12003333333337,19549548.0
2022-03-11,280.06566666666663,265.1166666666667,281.26733333333334,264.59,22345722.0
2022-03-14,260.2033333333334,255.45666666666668,266.90000000000003,252.01333333333335,23717421.0
2022-03-15,258.42333333333335,267.2966666666667,268.52333333333337,252.19000000000005,22280381.0
2022-03-16,269.66666666666663,280.07666666666665,280.66666666666663,267.4200333333333,28009607.0
2022-03-17,276.9966666666667,290.53333333333336,291.6666666666667,275.2392666666667,22194324.0
2022-03-18,291.4966666666667,301.7966666666667,302.61666666666673,289.13000000000005,33443159.0
2022-03-21,304.9933333333334,307.05333333333334,314.28333333333336,302.3633333333334,26640958.0
2022-03-22,310.0,331.32666666666665,332.62,307.25,34882278.0
2022-03-23,326.6466666666667,333.0366666666667,346.90000000000003,325.4666666666667,40225383.0
2022-03-24,336.57666666666665,337.9733333333333,341.49666666666667,329.59999999999997,22973626.0
2022-03-25,336.0,336.88,340.59996666666666,332.4400333333333,20496893.0
2022-03-28,355.03333333333336,363.94666666666666,365.9599666666667,351.2,34168693.0
2022-03-29,369.33,366.5233333333333,371.59,357.70333333333326,24538273.0
2022-03-30,363.7233333333334,364.66333333333336,371.3166666666667,361.33333333333337,19955002.0
2022-03-31,364.8566666666667,359.2,367.7133,358.8803333333334,16330919.0
2022-04-01,360.3833333333333,361.53,364.91666666666663,355.5466666666667,18087741.0
2022-04-04,363.12666666666667,381.81666666666666,383.30333333333334,357.51,27392567.0
2022-04-05,378.76666666666665,363.75333333333333,384.28999999999996,362.4333333333333,26192187.0
2022-04-06,357.8233333333333,348.58666666666664,359.66666666666663,342.56666666666666,29782845.0
2022-04-07,350.79666666666674,352.42,358.86333333333334,340.51336666666674,26482353.0
2022-04-08,347.7366666666667,341.83,349.48,340.8116666666666,18337896.0
2022-04-11,326.8,325.31,336.15603333333337,324.88000000000005,19785735.0
2022-04-12,332.5466666666666,328.98333333333335,340.39736666666664,325.53336666666667,21992032.0
2022-04-13,327.02500000000003,340.79,342.08000000000004,324.3656666666667,18373737.0
2022-04-14,333.09666666666664,328.3333333333333,337.56996666666663,327.39666666666665,19474135.0
2022-04-18,329.6766666666666,334.7633333333333,338.3066666666666,324.46999999999997,17238407.0
2022-04-19,335.02,342.7166666666667,344.98,331.775,16615944.0
2022-04-20,343.3333333333333,325.73333333333335,344.66666666666663,325.0833666666666,21616141.0
2022-04-21,358.24333333333334,336.26,364.0733333333333,332.1383333333333,35138779.0
2022-04-22,338.3033333333333,335.01666666666665,344.94999999999993,331.3333666666666,23232186.0
2022-04-25,326.3233333333334,332.67333333333335,336.2066666666667,325.1,22780445.0
2022-04-26,331.80999999999995,292.14,333.3333333333333,291.66666666666663,44694524.0
2022-04-27,299.52666666666664,293.83666666666664,306.0,292.4533333333333,25652132.0
2022-04-28,299.99333333333334,292.50333333333333,300.0,273.9,41649509.0
2022-04-29,300.75,290.25333333333333,311.46663333333333,290.0,29377665.0
2022-05-02,286.9233333333333,300.98,302.11996666666664,282.6766666666666,25260457.0
2022-05-03,301.05999999999995,303.0833333333333,308.02666666666664,296.19666666666666,21236525.0
2022-05-04,301.3133333333334,317.54,318.50000000000006,295.09333333333336,27039655.0
2022-05-05,313.07,291.0933333333333,315.2,285.9,30839731.0
2022-05-06,295.6666666666667,288.55,296.00000000000006,281.035,24301037.0
2022-05-09,278.81666666666666,262.37,281.87666666666667,260.3833333333333,30270074.0
2022-05-10,273.10333333333335,266.68,275.12000000000006,258.08333333333337,28133877.0
2022-05-11,265.0,244.66666666666666,269.9233333333333,242.4,32408153.0
2022-05-12,233.66666666666666,242.66666666666666,253.21999999999997,226.66666666666666,46770954.0
2022-05-13,257.8266666666667,256.53000000000003,262.44996666666674,250.5216666666667,30716908.0
2022-05-16,255.72000000000003,241.45666666666668,256.5866666666667,239.69616666666667,28699513.0
2022-05-17,249.12,253.87,254.82666666666665,242.95,26745370.0
2022-05-18,248.17333333333335,236.60333333333332,253.50000000000003,233.60333333333335,29270604.0
2022-05-19,235.66666666666669,236.47333333333333,244.66666666666669,231.37000000000003,30098891.0
2022-05-20,237.99666666666667,221.29999999999998,240.52733333333333,211.0,48324435.0
2022-05-23,218.34000000000003,224.96666666666667,226.65170000000003,212.68666666666667,29634546.0
2022-05-24,217.8433333333333,209.38666666666666,217.9733333333333,206.85666666666668,29697505.0
2022-05-25,207.95000000000002,219.6,223.1066666666667,207.67003333333335,30713108.0
2022-05-26,220.4733333333333,235.91,239.5566333333333,217.88666666666666,35334448.0
2022-05-27,241.08333333333337,253.21,253.26666666666668,240.17703333333338,29764994.0
2022-05-31,257.94666666666666,252.75333333333333,259.59999999999997,244.74333333333334,33971457.0
2022-06-01,251.71999999999997,246.79,257.32666666666665,243.64,25749321.0
2022-06-02,244.15666666666667,258.3333333333333,264.21,242.06666666666666,31157706.0
2022-06-03,243.22499999999997,234.51666666666665,247.79663333333332,233.4178,37464579.0
2022-06-06,244.3533333333333,238.28,244.86666666666667,234.34999999999997,28068174.0
2022-06-07,234.0,238.88666666666666,239.99666666666667,230.0933333333333,24269534.0
2022-06-08,240.08666666666664,241.86666666666667,249.9633333333333,239.17666666666665,25403540.0
2022-06-09,249.34000000000003,239.70666666666668,255.54663333333338,239.3266666666667,32163769.0
2022-06-10,235.15666666666667,232.23000000000002,239.5,227.91333333333333,32696966.0
2022-06-13,223.16666666666666,215.73666666666668,226.63333333333333,214.6833333333333,34255754.0
2022-06-14,218.28666666666666,220.89,226.32999999999998,211.73666666666668,32662932.0
2022-06-15,220.91666666666666,233.0,235.6633,218.15,39710645.0
2022-06-16,222.7366666666667,213.1,225.16666666666669,208.69333333333336,35796900.0
2022-06-17,213.4333333333333,216.76,220.96939999999998,213.19666666666666,30880590.0
2022-06-21,224.6033333333333,237.03666666666666,243.57736666666665,224.33333333333331,40930985.0
2022-06-22,234.50333333333336,236.08666666666667,246.83333333333337,233.8266666666667,33842420.0
2022-06-23,237.90500000000003,235.07000000000002,239.31666666666672,228.63666666666668,34734226.0
2022-06-24,237.46833333333336,245.70666666666668,246.06666666666672,236.0866666666667,31923565.0
2022-06-27,249.36666666666667,244.92,252.07,242.56553333333332,29726104.0
2022-06-28,244.48333333333335,232.66333333333333,249.96999999999997,232.3433333333333,30222167.0
2022-06-29,230.5,228.49,231.17333333333332,222.27333333333334,27632418.0
2022-06-30,224.51000000000002,224.47333333333333,229.4566666666667,218.86333333333337,31533484.0
2022-07-01,227.0,227.26333333333332,230.23000000000002,222.1200333333333,24820148.0
2022-07-05,223.00000000000003,233.0666666666667,233.1466666666667,216.16670000000002,28259704.0
2022-07-06,230.78,231.73333333333335,234.56333333333333,227.18666666666664,23951210.0
2022-07-07,233.92,244.54333333333332,245.36166666666668,232.20999999999998,27310230.0
2022-07-08,242.33333333333331,250.76333333333332,254.97996666666666,241.16143333333332,33951362.0
2022-07-11,252.10333333333335,234.34333333333333,253.0633333333334,233.6266666666667,33169740.0
2022-07-12,236.8466666666667,233.07000000000002,239.77333333333337,228.36833333333337,29310320.0
2022-07-13,225.5,237.04,242.05996666666664,225.03333333333333,32651499.0
2022-07-14,234.8966666666667,238.31333333333336,238.65333333333336,229.33333333333337,26185833.0
2022-07-15,240.00000000000003,240.0666666666667,243.62330000000003,236.89000000000001,23227673.0
2022-07-18,244.93666666666664,240.54666666666665,250.51666666666665,239.6033333333333,27512476.0
2022-07-19,245.0,245.53,247.14,236.97666666666663,26963370.0
2022-07-20,246.78333333333333,247.5,250.66333333333333,243.48299999999998,29621363.0
2022-07-21,255.10666666666668,271.70666666666665,273.26666666666665,254.86666666666667,47344059.0
2022-07-22,276.21999999999997,272.24333333333334,280.78666666666663,270.7133333333333,34490949.0
2022-07-25,272.2166666666667,268.43333333333334,274.1466666666667,267.40000000000003,21357835.0
2022-07-26,266.5133333333333,258.86,267.30996666666664,256.2633333333333,22273586.0
2022-07-27,263.80999999999995,274.82,275.9256,261.7900333333333,29369996.0
2022-07-28,280.0666666666667,280.90000000000003,283.3,272.8,28240997.0
2022-07-29,280.70000000000005,297.15000000000003,298.32000000000005,279.1,31770961.0
2022-08-01,301.27500000000003,297.2766666666667,311.87823333333336,295.00000000000006,39014296.0
2022-08-02,294.00333333333333,300.58666666666664,307.8333333333333,292.66666666666663,31859156.0
2022-08-03,305.00000000000006,307.3966666666667,309.55,301.15000000000003,26697035.0
2022-08-04,311.0,308.6333333333333,313.6066666666667,305.0,24085439.0
2022-08-05,302.67,288.17,304.6066333333334,285.54466666666667,37724299.0
2022-08-08,295.00000000000006,290.42333333333335,305.20000000000005,289.08540000000005,33121758.0
2022-08-09,290.2933333333333,283.3333333333333,292.39666666666665,279.3533333333333,28748227.0
2022-08-10,297.06666666666666,294.3566666666667,297.51,283.37,31639624.0
2022-08-11,296.5133333333333,286.63,298.2366666666667,285.8333333333333,23385015.0
2022-08-12,289.415,300.03000000000003,300.16,285.03333333333336,26552429.0
2022-08-15,301.78666666666663,309.32,313.1333333333333,301.23,29786389.0
2022-08-16,311.66666666666663,306.56333333333333,314.66666666666663,302.8833333333333,29378774.0
2022-08-17,303.39666666666665,303.99666666666667,309.65666666666664,300.0333333333333,22921990.0
2022-08-18,306.0,302.87,306.5,301.8533333333333,15833512.0
2022-08-19,299.00000000000006,296.6666666666667,300.36000000000007,292.50000000000006,20465129.0
2022-08-22,291.91333333333336,289.91333333333336,292.40000000000003,286.2966666666667,18614449.0
2022-08-23,291.4533333333333,296.4533333333333,298.82663333333335,287.9233333333333,21328348.0
2022-08-24,297.56333333333333,297.09666666666664,303.64666666666665,296.5,19086572.0
2022-08-25,302.36,296.07,302.96,291.6,52827378.0
2022-08-26,297.43,288.09,302.0,287.47,57163947.0
2022-08-29,282.83,284.82,287.74,280.7,41548729.0
2022-08-30,287.865,277.7,288.48,272.65,50541759.0
2022-08-31,280.62,275.61,281.25,271.81,52107337.0
2022-09-01,272.575,277.16,277.58,266.15,54287024.0
2022-09-02,281.065,270.21,282.35,269.08,50890090.0
2022-09-06,272.675,274.42,275.99,265.74,55605247.0
2022-09-07,273.1,283.7,283.84,272.27,50028916.0
2022-09-08,281.3,289.26,289.5,279.76,53713124.0
2022-09-09,291.67,299.68,299.85,291.245,54470854.0
2022-09-12,300.72,304.42,305.49,300.4,48674604.0
2022-09-13,292.9,292.13,297.3999,290.4,68229619.0
2022-09-14,292.24,302.61,306.0,291.64,72628653.0
2022-09-15,301.825,303.75,309.12,300.7247,64795523.0
2022-09-16,299.605,303.35,303.71,295.6005,87087786.0
2022-09-19,300.09,309.07,309.84,297.8,60231156.0
2022-09-20,306.91,308.73,313.33,305.58,61642783.0
2022-09-21,308.29,300.8,313.8,300.63,62555656.0
2022-09-22,299.86,288.59,301.29,285.82,70107683.0
2022-09-23,283.09,275.33,284.5,272.82,63748362.0
2022-09-26,271.83,276.01,284.09,270.31,58076913.0
2022-09-27,283.84,282.94,288.67,277.51,61925185.0
2022-09-28,283.08,287.81,289.0,277.57,54664809.0
2022-09-29,282.76,268.21,283.65,265.78,77620642.0
2022-09-30,266.145,265.25,275.57,262.47,67726598.0
2022-10-03,254.5,242.4,255.16,241.01,98363541.0
2022-10-04,250.52,249.44,257.5,242.01,109578535.0
2022-10-05,245.01,240.81,246.6697,233.27,86982673.0
2022-10-06,239.44,238.13,244.58,235.35,69298437.0
2022-10-07,233.935,223.07,234.5715,222.02,83916800.0
2022-10-10,223.93,222.96,226.99,218.3582,67925018.0
2022-10-11,220.945,216.5,225.75,215.0,77013202.0
2022-10-12,215.33,217.24,219.2999,211.51,66860699.0
2022-10-13,208.3,221.72,222.99,206.22,91483045.0
2022-10-14,224.01,204.99,226.26,204.16,94124511.0
2022-10-17,210.04,219.35,221.86,209.45,79428810.0
2022-10-18,229.5,220.19,229.82,217.25,75891905.0
2022-10-19,219.8,222.04,222.93,217.78,66571479.0
2022-10-20,208.28,207.28,215.55,202.0,117798062.0
2022-10-21,206.415,214.44,214.66,203.8,75713754.0
2022-10-24,205.82,211.25,213.5,198.5863,100446765.0
2022-10-25,210.1,222.415,224.3498,210.0,96507870.0
2022-10-26,219.4,224.64,230.6,218.2,85327078.0
2022-10-27,229.77,225.09,233.81,222.85,61638824.0
2022-10-28,225.4,228.52,228.86,216.35,69152386.0
2022-10-31,226.19,227.54,229.85,221.94,61554341.0
2022-11-01,234.05,227.82,237.3951,227.28,62688822.0
2022-11-02,226.04,214.98,227.8699,214.82,63070293.0
2022-11-03,211.36,215.31,221.2,210.14,56538848.0
2022-11-04,222.6,207.47,223.8,203.08,98622212.0
2022-11-07,208.65,197.08,208.9,196.66,93916520.0
2022-11-08,194.02,191.3,195.2,186.75,128803404.0
2022-11-09,190.775,177.59,195.89,177.12,127062659.0
2022-11-10,189.9,190.72,191.0,180.03,132703015.0
2022-11-11,186.0,195.97,196.52,182.59,114403575.0
2022-11-14,192.77,190.95,195.73,186.34,92226649.0
2022-11-15,195.88,194.42,200.8237,192.06,91293785.0
2022-11-16,191.51,186.92,192.57,185.66,66567599.0
2022-11-17,183.96,183.17,186.16,180.9,64335970.0
2022-11-18,185.05,180.19,185.19,176.55,76048866.0
2022-11-21,175.85,167.87,176.77,167.54,92882712.0
2022-11-22,168.63,169.91,170.92,166.185,78452327.0
2022-11-23,173.57,183.2,183.62,172.5,109536709.0
2022-11-25,185.06,182.86,185.2,180.63,50672739.0
2022-11-28,179.96,182.92,188.5,179.0,93038148.0
2022-11-29,184.99,180.83,186.38,178.75,83357111.0
2022-11-30,182.43,194.7,194.76,180.6301,109186404.0
2022-12-01,197.08,194.7,198.92,191.8,80046213.0
2022-12-02,191.78,194.86,196.25,191.11,73645922.0
2022-12-05,189.44,182.45,191.27,180.55,93122667.0
2022-12-06,181.215,179.82,183.65,175.33,92150823.0
2022-12-07,175.03,174.04,179.38,172.218,84213284.0
2022-12-08,172.2,173.44,175.2,169.06,97624491.0
2022-12-09,173.84,179.05,182.5,173.36,104872336.0
2022-12-12,176.1,167.82,177.37,167.52,109794471.0
2022-12-13,174.87,160.95,175.05,156.91,175862722.0
2022-12-14,159.25,156.8,161.62,155.31,140682338.0
2022-12-15,153.44,157.67,160.9299,153.28,122334459.0
2022-12-16,159.635,150.23,160.99,150.04,139032175.0
2022-12-19,154.0,149.87,155.25,145.82,139390634.0
2022-12-20,146.05,137.8,148.47,137.66,159563267.0
2022-12-21,139.335,137.57,141.26,135.89,145417412.0
2022-12-22,136.0,125.35,136.63,122.26,210090250.0
2022-12-23,126.37,123.15,128.6173,121.02,166989688.0
2022-12-27,117.495,109.1,119.67,108.76,208643444.0
2022-12-28,110.35,112.71,116.27,108.24,221070537.0
2022-12-29,120.385,121.82,123.57,117.495,221923313.0
2022-12-30,119.95,123.18,124.48,119.75,157777339.0
2023-01-03,118.47,108.1,118.8,104.64,231402818.0
2023-01-04,109.11,113.64,114.59,107.52,180388976.0
2023-01-05,110.51,110.34,111.75,107.1601,157986324.0
2023-01-06,103.0,113.06,114.39,101.81,220911051.0
2023-01-09,118.96,119.77,123.52,117.11,190283951.0
2023-01-10,121.07,118.85,122.76,114.92,167642485.0
2023-01-11,122.09,123.22,125.95,120.51,183810771.0
2023-01-12,122.56,123.56,124.1311,117.0,169400913.0
2023-01-13,116.55,122.4,122.63,115.6,180714119.0
2023-01-17,125.695,131.49,131.7,125.02,186476985.0
2023-01-18,136.555,128.78,136.68,127.01,195680318.0
2023-01-19,127.26,127.17,129.99,124.3082,170291880.0
2023-01-20,128.68,133.42,133.51,127.3466,138858136.0
2023-01-23,135.87,143.75,145.3793,134.27,203119211.0
2023-01-24,143.0,143.89,146.5,141.1,158699056.0
2023-01-25,141.905,144.43,146.41,138.07,192734347.0
2023-01-26,159.965,160.27,161.42,154.76,234815090.0
2023-01-27,162.43,177.9,180.68,161.17,306590613.0
2023-01-30,178.05,166.66,179.77,166.5,230878807.0
2023-01-31,164.57,173.22,174.3,162.78,196813541.0
2023-02-01,173.89,181.41,183.805,169.93,213806323.0
2023-02-02,187.325,188.27,196.7501,182.61,217448287.0
2023-02-03,183.95,189.98,199.0,183.69,232662023.0
2023-02-06,193.01,194.76,198.17,189.92,186188131.0
2023-02-07,196.43,196.81,197.5,189.55,186010325.0
2023-02-08,196.1,201.29,203.0,194.31,180673644.0
2023-02-09,207.775,207.32,214.0,204.77,215431442.0
2023-02-10,202.225,196.89,206.2,192.89,204754129.0
2023-02-13,194.415,194.64,196.3,187.61,172475452.0
2023-02-14,191.94,209.25,209.82,189.44,216455708.0
2023-02-15,211.755,214.24,214.66,206.11,182108581.0
2023-02-16,210.78,202.04,217.65,201.84,229586538.0
2023-02-17,199.985,208.31,208.44,197.5,213738549.0
2023-02-21,204.99,197.37,209.71,197.22,180018588.0
2023-02-22,197.93,200.86,201.99,191.78,191828457.0
2023-02-23,203.91,202.07,205.14,196.33,146359950.0
2023-02-24,196.325,196.88,197.6695,192.8,142228105.0
2023-02-27,202.03,207.63,209.42,201.26,161028315.0
2023-02-28,210.59,205.71,211.23,203.75,153144912.0
2023-03-01,206.21,202.77,207.2,198.52,156852790.0
2023-03-02,186.74,190.9,193.7499,186.01,181979154.0
2023-03-03,194.795,197.79,200.48,192.88,154193277.0
2023-03-06,198.54,193.81,198.6,192.3,128100106.0
2023-03-07,191.38,187.71,194.2,186.1,148125790.0
2023-03-08,185.04,182.0,186.5,180.0,151897763.0
2023-03-09,180.25,172.92,185.18,172.5124,170023794.0
2023-03-10,175.13,173.44,178.29,168.44,191488872.0
2023-03-13,167.455,174.48,177.35,163.91,167790256.0
2023-03-14,177.31,183.26,183.8,177.1401,143717897.0
2023-03-15,180.8,180.45,182.34,176.03,145995583.0
2023-03-16,180.365,184.13,185.81,178.84,121374453.0
2023-03-17,184.515,180.13,186.2199,177.33,133197140.0
2023-03-20,178.08,183.25,186.44,176.35,129684359.0
2023-03-21,188.28,197.58,198.0,188.04,153391444.0
2023-03-22,199.3,191.15,200.66,190.95,150376373.0
2023-03-23,195.26,192.22,199.31,188.65,144193876.0
2023-03-24,191.65,190.41,192.36,187.15,116531584.0
2023-03-27,194.415,191.81,197.39,189.94,120851587.0
2023-03-28,192.0,189.19,192.35,185.43,98654635.0
2023-03-29,193.13,193.88,195.29,189.44,123660026.0
2023-03-30,195.58,195.28,197.33,194.42,110252238.0
2023-03-31,197.53,207.46,207.79,197.2,170222118.0
2023-04-03,199.91,194.77,202.6897,192.2,169545900.0
2023-04-04,197.32,192.58,198.7446,190.32,126463845.0
2023-04-05,190.515,185.52,190.68,183.76,133882493.0
2023-04-06,183.08,185.06,186.39,179.74,123857932.0
2023-04-10,179.94,184.51,185.1,176.11,142154637.0
2023-04-11,186.69,186.79,189.19,185.6475,115770892.0
2023-04-12,190.74,180.54,191.5846,180.31,150256278.0
2023-04-13,182.955,185.9,186.5,180.94,112932985.0
2023-04-14,183.95,185.0,186.28,182.01,96438664.0
2023-04-17,186.32,187.04,189.69,182.69,116177121.0
2023-04-18,187.15,184.31,187.69,183.5775,92067016.0
2023-04-19,179.1,180.59,183.5,177.65,125732687.0
2023-04-20,166.165,162.99,169.7,160.56,210970819.0
2023-04-21,164.8,165.08,166.0,161.3208,123538954.0
2023-04-24,164.65,162.55,165.65,158.61,140006559.0
2023-04-25,159.82,160.67,163.47,158.75,121999312.0
2023-04-26,160.29,153.75,160.67,153.14,152247096.0
2023-04-27,152.64,160.19,160.48,152.37,127015177.0
2023-04-28,160.9,164.31,165.0,157.32,122515812.0
2023-05-01,163.17,161.83,163.28,158.83,109015048.0
2023-05-02,161.88,160.31,165.49,158.93,128259744.0
2023-05-03,160.01,160.61,165.0,159.91,119727972.0
2023-05-04,162.71,161.2,162.95,159.65,95108492.0
2023-05-05,163.97,170.06,170.7899,163.51,107607259.0
2023-05-08,173.72,171.79,173.8,169.19,112249449.0
2023-05-09,168.95,169.15,169.82,166.56,88965043.0
2023-05-10,172.55,168.54,174.43,166.68,119840693.0
2023-05-11,168.7,172.08,173.57,166.79,103889930.0
2023-05-12,176.07,167.98,177.38,167.23,157849625.0
2023-05-15,167.655,166.35,169.76,164.5499,105592510.0
2023-05-16,165.65,166.52,169.5184,164.35,98288792.0
2023-05-17,168.41,173.86,174.5,167.185,125473558.0
2023-05-18,174.22,176.89,177.06,172.45,109520332.0
2023-05-19,177.17,180.14,181.95,176.31,136196668.0
2023-05-22,180.7,188.87,189.32,180.11,132001430.0
2023-05-23,186.2,185.77,192.96,185.26,156952130.0
2023-05-24,182.23,182.9,184.22,178.22,137605054.0
2023-05-25,186.54,184.47,186.78,180.58,96870719.0
2023-05-26,184.62,193.17,198.6,184.53,162061496.0
2023-05-30,200.1,201.16,204.48,197.53,128818746.0
2023-05-31,199.78,203.93,203.95,195.12,149356274.0
2023-06-01,202.59,207.52,209.8,199.37,148029931.0
2023-06-02,210.15,213.97,217.25,209.752,164398372.0
2023-06-05,217.8,217.61,221.29,214.52,151143052.0
2023-06-06,216.14,221.31,221.91,212.53,146911576.0
2023-06-07,228.0,224.57,230.8296,223.2,185710777.0
2023-06-08,224.22,234.86,235.23,223.01,164489739.0
2023-06-09,249.07,244.4,252.42,242.02,200242371.0
2023-06-12,247.94,249.83,250.97,244.59,150740523.0
2023-06-13,253.51,258.71,259.68,251.34,162384343.0
2023-06-14,260.17,256.79,261.57,250.5,170575536.0
2023-06-15,248.4,255.9,258.95,247.29,160171238.0
2023-06-16,258.92,260.54,263.6,257.2091,167915649.0
2023-06-20,261.5,274.45,274.75,261.12,165611217.0
2023-06-21,275.13,259.46,276.99,257.78,211797109.0
2023-06-22,250.77,264.61,265.0,248.25,166875944.0
2023-06-23,259.29,256.6,262.45,252.8,177460803.0
2023-06-26,250.065,241.05,258.37,240.7,179990552.0
2023-06-27,243.24,250.21,250.3899,240.85,164968214.0
2023-06-28,249.7,256.24,259.88,248.89,159770797.0
2023-06-29,258.03,257.5,260.74,253.61,131283360.0
2023-06-30,260.6,261.77,264.45,259.89,112620784.0
2023-07-03,276.49,279.82,284.25,275.11,119685891.0
2023-07-05,278.82,282.48,283.85,277.6,131530862.0
2023-07-06,278.09,276.54,279.97,272.88,120707419.0
2023-07-07,278.43,274.43,280.78,273.77,113879174.0
2023-07-10,276.47,269.61,277.52,265.1,119425405.0
2023-07-11,268.65,269.79,270.9,266.37,91972358.0
2023-07-12,276.325,271.99,276.52,271.46,95672139.0
2023-07-13,274.59,277.9,279.45,270.6,112681458.0
2023-07-14,277.01,281.38,285.3,276.31,120062369.0
2023-07-17,286.625,290.38,292.23,283.57,131569593.0
2023-07-18,290.15,293.34,295.26,286.01,112434713.0
2023-07-19,296.04,291.26,299.29,289.5201,142355353.0
2023-07-20,279.56,262.9,280.93,261.2,175158273.0
2023-07-21,268.0,260.02,268.0,255.8,161796073.0
2023-07-24,255.85,269.06,269.85,254.12,137005037.0
2023-07-25,272.38,265.28,272.9,265.0,112757327.0
2023-07-26,263.25,264.35,268.04,261.75,95856177.0
2023-07-27,268.31,255.71,269.13,255.3,103697263.0
2023-07-28,259.86,266.44,267.25,258.2312,111446026.0
2023-07-31,267.48,267.43,269.08,263.78,84582172.0
2023-08-01,266.26,261.07,266.47,260.25,83645720.0
2023-08-02,255.57,254.11,259.52,250.49,101752865.0
2023-08-03,252.04,259.32,260.49,252.0,97829545.0
2023-08-04,260.97,253.86,264.77,253.11,99539907.0
2023-08-07,251.45,251.45,253.6511,242.76,111097943.0
2023-08-08,247.45,249.7,250.92,245.01,96642183.0
2023-08-09,250.87,242.19,251.1,241.9,101596324.0
2023-08-10,245.4,245.34,251.8,243.0,109498608.0
2023-08-11,241.77,242.65,243.79,238.02,99038642.0
2023-08-14,235.7,239.76,240.66,233.75,98595331.0
2023-08-15,238.73,232.96,240.5,232.61,88197599.0
2023-08-16,228.02,225.6,233.97,225.38,112484520.0
2023-08-17,226.06,219.22,226.74,218.83,120718417.0
2023-08-18,214.12,215.49,217.58,212.36,136276584.0
2023-08-21,221.5512,231.28,232.1343,220.58,135702671.0
2023-08-22,240.25,233.19,240.82,229.55,130597886.0
2023-08-23,229.34,236.86,238.98,229.29,101077635.0
2023-08-24,238.66,230.04,238.92,228.1801,99777432.0
2023-08-25,231.31,238.59,239.0,230.35,106612231.0
2023-08-28,242.58,238.82,244.38,235.35,107673727.0
2023-08-29,238.58,257.18,257.48,237.77,134047603.0
2023-08-30,254.2,256.9,260.51,250.59,121988437.0
2023-08-31,255.98,258.08,261.18,255.05,108861698.0
2023-09-01,257.26,245.01,259.0794,242.01,132541640.0
2023-09-05,245.0,256.49,258.0,244.86,129469565.0
2023-09-06,255.135,251.92,255.39,245.06,116959759.0
2023-09-07,245.07,251.49,252.81,243.265,115312886.0
2023-09-08,251.22,248.5,256.52,246.67,118559635.0
2023-09-11,264.27,273.58,274.85,260.61,174667852.0
2023-09-12,270.76,267.48,278.39,266.6,135999866.0
2023-09-13,270.07,271.3,274.98,268.1,111673737.0
2023-09-14,271.32,276.04,276.7094,270.42,107709842.0
2023-09-15,277.55,274.39,278.98,271.0,133692313.0
2023-09-18,271.16,265.28,271.44,263.7601,101543305.0
2023-09-19,264.35,266.5,267.85,261.2,103704040.0
2023-09-20,267.04,262.59,273.93,262.4606,122514643.0
2023-09-21,257.85,255.7,260.86,254.21,119951516.0
2023-09-22,257.4,244.88,257.7888,244.48,127524083.0
2023-09-25,243.38,246.99,247.1,238.31,104636557.0
2023-09-26,242.98,244.12,249.55,241.6601,101993631.0
2023-09-27,244.262,240.5,245.33,234.58,136597184.0
2023-09-28,240.02,246.38,247.55,238.65,117058870.0
2023-09-29,250.0,250.22,254.77,246.35,128522729.0
2023-10-02,244.81,251.6,254.2799,242.62,123810402.0
2023-10-03,248.61,246.53,250.02,244.45,101985305.0
2023-10-04,248.14,261.16,261.86,247.6,129721567.0
2023-10-05,260.0,260.05,263.6,256.25,119159214.0
2023-10-06,253.98,260.53,261.65,250.65,118121812.0
2023-10-09,255.31,259.67,261.36,252.05,101377947.0
2023-10-10,257.75,263.62,268.94,257.65,122656030.0
2023-10-11,266.2,262.99,268.6,260.9,103706266.0
2023-10-12,262.92,258.87,265.41,256.6307,111508114.0
2023-10-13,258.9,251.12,259.6,250.22,102296786.0
2023-10-16,250.05,253.92,255.3999,248.48,88917176.0
2023-10-17,250.1,254.85,257.183,247.08,93562909.0
2023-10-18,252.7,242.68,254.63,242.08,125147846.0
2023-10-19,225.95,220.11,230.61,216.78,170772713.0
2023-10-20,217.01,211.99,218.8606,210.42,138010095.0
2023-10-23,210.0,212.08,216.98,202.51,150683368.0
2023-10-24,216.5,216.52,222.05,214.11,118231113.0
2023-10-25,215.88,212.42,220.1,212.2,107065087.0
2023-10-26,211.32,205.76,214.8,204.88,115112635.0
2023-10-27,210.6,207.3,212.41,205.77,94881173.0
2023-10-30,209.28,197.36,210.88,194.67,136448167.0
2023-10-31,196.12,200.84,202.8,194.07,118068273.0
2023-11-01,204.04,205.66,205.99,197.85,121661656.0
2023-11-02,212.97,218.51,219.2,211.45,125987621.0
2023-11-03,221.15,219.96,226.3701,218.4,119534790.0
2023-11-06,223.98,219.27,226.32,215.0,117335820.0
2023-11-07,219.98,222.18,223.12,215.72,116900130.0
2023-11-08,223.15,222.11,224.15,217.64,106584841.0
2023-11-09,219.75,209.98,220.8,206.68,142110454.0
2023-11-10,210.03,214.65,215.38,205.69,131310128.0
2023-11-13,215.6,223.71,225.4,211.6101,140447569.0
2023-11-14,235.03,237.41,238.135,230.72,149771642.0
2023-11-15,239.29,242.84,246.7,236.45,150353975.0
2023-11-16,239.49,233.59,240.88,230.96,136816819.0
2023-11-17,232.0,234.3,237.39,226.54,142766234.0
2023-11-20,234.04,235.6,237.1,231.02,116562402.0
2023-11-21,235.04,241.2,243.62,233.34,122288000.0
2023-11-22,242.04,234.21,244.01,231.4,118117078.0
2023-11-24,233.75,235.45,238.75,232.33,65125203.0
2023-11-27,236.89,236.08,238.33,232.1,112031763.0
2023-11-28,236.68,246.72,247.0,234.01,148549913.0
2023-11-29,249.21,244.14,252.75,242.76,135401335.0
2023-11-30,245.14,240.08,245.22,236.91,132353196.0
2023-12-01,233.14,238.83,240.19,231.9,121331709.0
2023-12-04,235.75,235.58,239.3733,233.2902,104099817.0
2023-12-05,233.87,238.72,246.66,233.7,137971115.0
2023-12-06,242.92,239.37,246.57,239.1709,125905295.0
2023-12-07,241.55,242.64,244.08,236.98,107142262.0
2023-12-08,240.27,243.84,245.27,239.2701,103126829.0
2023-12-11,242.74,239.74,243.44099999999997,237.45,97913888.0
2023-12-12,238.55,237.01,238.99,233.87,95328313.0
2023-12-13,234.19,239.29,240.3,228.2,146286348.0
2023-12-14,241.22,251.05,253.88,240.79,160829239.0
2023-12-15,251.21,253.5,254.13,248.3,135932762.0
2023-12-18,253.78,252.08,258.74,251.36,116416490.0
2023-12-19,253.48,257.22,258.3399,253.01,106287276.0
2023-12-20,256.41,247.14,259.84,247.0,125096987.0
2023-12-21,251.9,254.5,254.7999,248.55,109594227.0
2023-12-22,256.76,252.54,258.22,251.37,93370094.0
2023-12-26,254.49,256.61,257.97,252.91,86892382.0
2023-12-27,258.35,261.44,263.34,257.52,105853348.0
2023-12-28,263.66,253.18,265.13,252.71,113619943.0
2023-12-29,255.1,248.48,255.19,247.43,100891578.0
2024-01-02,250.08,248.42,251.25,244.41,104654163.0
2024-01-03,244.98,238.45,245.68,236.32,121082599.0
2024-01-04,239.25,237.93,242.7,237.73,102629283.0
2024-01-05,236.86,237.49,240.1196,234.9001,92240035.0
2024-01-08,236.14,240.45,241.25,235.3,85166580.0
2024-01-09,238.11,234.96,238.9646,232.04,96705664.0
2024-01-10,235.1,233.94,235.5,231.29,91628502.0
2024-01-11,230.57,227.22,230.93,225.37,105873612.0
2024-01-12,220.08,218.89,225.34,217.1501,123043812.0
2024-01-16,215.1,219.91,223.49,212.18,115355046.0
2024-01-17,214.86,215.55,215.67,212.01,103164400.0
2024-01-18,216.88,211.88,217.45,208.74,108595431.0
2024-01-19,209.99,212.19,213.19,207.56,102260343.0
2024-01-22,212.26,208.8,217.8,206.27,117952527.0
2024-01-23,211.3,209.14,215.65,207.7516,106605946.0
2024-01-24,211.88,207.83,212.73,206.77,112930989.0
2024-01-25,189.7,182.63,193.0,180.06,198076787.0
2024-01-26,185.5,183.25,186.78,182.1,107343231.0
2024-01-29,185.63,190.93,191.48,183.67,125013148.0
2024-01-30,195.33,191.59,196.3593,190.61,109982327.0
2024-01-31,186.995,187.29,193.97,185.8459,103221430.0
2024-02-01,188.5,188.86,189.88,184.28,91843275.0
2024-02-02,185.04,187.91,188.69,182.0,110612672.0
2024-02-05,184.26,181.06,184.68,175.01,134294447.0
2024-02-06,177.21,185.1,186.49,177.11,122675954.0
2024-02-07,188.18,187.58,189.79,182.68,111535217.0
2024-02-08,189.0,189.56,191.6171,185.58,83034043.0
2024-02-09,190.18,193.57,194.12,189.48,84476347.0
2024-02-12,192.11,188.13,194.73,187.28,95498597.0
2024-02-13,183.99,184.02,187.26,182.1087,86759478.0
2024-02-14,185.3,188.71,188.89,183.35,81202987.0
2024-02-15,189.16,200.45,200.88,188.8595,120831762.0
2024-02-16,202.06,199.95,203.17,197.4,111346705.0
2024-02-20,196.13,193.76,198.6,189.13,104545762.0
2024-02-21,193.36,194.77,199.44,191.95,103844008.0
2024-02-22,194.0,197.41,198.32,191.36,92739461.0
2024-02-23,195.31,191.97,197.57,191.5,78841917.0
2024-02-26,192.29,199.4,201.78,192.0,111747116.0
2024-02-27,204.04,199.73,205.6,198.26,108645412.0
2024-02-28,200.42,202.04,205.3,198.44,99806173.0
2024-02-29,204.18,201.88,205.28,198.4463,85906974.0
2024-03-01,200.52,202.64,204.52,198.5,82243119.0
2024-03-04,198.73,188.14,199.75,186.72,134334869.0
2024-03-05,183.05,180.74,184.59,177.57,119660758.0
2024-03-06,179.99,176.54,181.576,173.7,107920944.0
2024-03-07,174.35,178.65,180.04,173.7,102129004.0
2024-03-08,181.5,175.34,182.73,174.7,85544644.0
2024-03-11,175.45,177.77,182.87,174.8,85013157.0
2024-03-12,177.77,177.54,179.43,172.4101,87009098.0
2024-03-13,173.05,169.48,176.05,169.15,104717978.0
2024-03-14,167.77,162.5,171.17,160.51,125494925.0
2024-03-15,163.16,163.57,165.1845,160.76,97146832.0
2024-03-18,170.02,173.8,174.72,165.9,108214358.0
2024-03-19,172.36,171.32,172.82,167.42,77271428.0
2024-03-20,173.0,175.66,176.25,170.82,83846726.0
2024-03-21,176.39,172.82,178.18,171.8,73178014.0
2024-03-22,166.69,170.83,171.2,166.3,75580637.0
2024-03-25,168.76,172.63,175.24,168.73,74228615.0
2024-03-26,178.58,177.67,184.25,177.38,113186227.0
2024-03-27,181.41,179.83,181.91,176.0,81804043.0
2024-03-28,177.45,175.79,179.57,175.3,77654838.0
2024-04-01,176.17,175.22,176.75,170.21,80751684.0
2024-04-02,164.75,166.63,167.69,163.43,115344925.0
2024-04-03,164.02,168.38,168.82,163.28,82223543.0
2024-04-04,170.07,171.11,177.19,168.01,122061224.0
2024-04-05,169.08,164.9,170.86,160.51,136439809.0
2024-04-08,169.34,172.98,174.5,167.79,104039371.0
2024-04-09,172.91,176.88,179.22,171.92,102327658.0
2024-04-10,173.04,171.76,174.93,170.01,84532407.0
2024-04-11,172.55,174.6,175.88,168.51,94515987.0
2024-04-12,172.34,171.05,173.8099,170.3644,64722669.0
2024-04-15,170.24,161.48,170.69,161.38,100245310.0
2024-04-16,156.74200000000002,157.11,158.19,153.75,96999956.0
2024-04-17,157.64,155.45,158.33,153.78,82439718.0
2024-04-18,151.25,149.93,152.2,148.7,96098830.0
2024-04-19,148.97,147.05,150.94,146.22,87074500.0
2024-04-22,140.56,142.05,144.44,138.8025,107097564.0
2024-04-23,143.33,144.68,147.26,141.11,124545104.0
2024-04-24,162.84,162.13,167.97,157.51,181178020.0
2024-04-25,158.96,170.18,170.88,158.36,126427521.0
2024-04-26,168.85,168.29,172.12,166.37,109815725.0
2024-04-29,188.42,194.05,198.87,184.54,243869678.0
2024-04-30,186.98,183.28,190.95,182.8401,127031787.0
2024-05-01,182.0,179.99,185.86,179.01,92829719.0
2024-05-02,182.86,180.01,184.6,176.02,89148041.0
2024-05-03,182.1,181.19,184.78,178.42,75491539.0
2024-05-06,183.8,184.76,187.56,182.2,84390253.0
2024-05-07,182.4,177.81,183.26,177.4,75045854.0
2024-05-08,171.59,174.72,176.06,170.15,79969488.0
2024-05-09,175.01,171.97,175.62,171.37,65950292.0
2024-05-10,173.05,168.47,173.0599,167.75,72627178.0
2024-05-13,170.0,171.89,175.4,169.0,67018903.0
2024-05-14,174.4959,177.55,179.49,174.07,86407422.0
2024-05-15,179.9,173.99,180.0,173.11,79662993.0
2024-05-16,174.1,174.84,175.79,171.43,59812220.0
2024-05-17,173.55,177.46,179.63,172.75,77445845.0
2024-05-20,177.56,174.95,177.75400000000002,173.52,61727425.0
2024-05-21,175.51,186.6,186.875,174.71,115266512.0
2024-05-22,182.85,180.11,183.8,178.12,88313477.0
2024-05-23,181.8,173.74,181.9,173.26,71975496.0
2024-05-24,174.835,179.24,180.08,173.73,65584478.0
2024-05-28,176.4,176.75,178.25,173.16,59736620.0
2024-05-29,174.19,176.19,178.15,173.93,54782649.0
2024-05-30,178.575,178.79,182.67,175.38,77784755.0
2024-05-31,178.5,178.08,180.32,173.82,67314602.0
2024-06-03,178.13,176.29,182.6389,174.49,68568920.0
2024-06-04,174.775,174.77,177.755,174.0,60056340.0
2024-06-05,175.35,175.0,176.15,172.13,57953756.0
2024-06-06,174.6,177.94,179.73,172.73,69887024.0
2024-06-07,176.13,177.48,179.35,175.58,56244932.0
2024-06-10,176.06,173.79,178.57,173.17,50869682.0
2024-06-11,173.92,170.66,174.75,167.41,64761928.0
2024-06-12,171.12,177.29,180.55,169.8,90389446.0
2024-06-13,188.39,182.47,191.08,181.23,118984122.0
2024-06-14,185.8,178.01,186.0,176.92,82038194.0
2024-06-17,177.92,187.44,188.81,177.0,109786083.0
2024-06-18,186.56,184.86,187.2,182.37,68982265.0
2024-06-20,184.68,181.57,185.21,179.66,55893139.0
2024-06-21,182.3,183.01,183.95,180.69,63029482.0
2024-06-24,184.97,182.58,188.8,182.55,61992070.0
2024-06-25,184.4,187.35,187.97,182.01,63678265.0
2024-06-26,186.54,196.37,197.755,186.36,95737066.0
2024-06-27,195.17,197.42,198.72,194.05,72746521.0
2024-06-28,199.55,197.88,203.2,195.26,95438068.0
2024-07-01,201.02,209.86,213.23,200.85,135691395.0
2024-07-02,218.89,231.26,231.3,218.06,205047920.0
2024-07-03,234.56,246.39,248.35,234.25,166561471.0
2024-07-05,249.81,251.52,252.37,242.4601,154501152.0
2024-07-08,247.71,252.94,259.439,244.57,157219580.0
2024-07-09,251.0,262.33,265.61,250.3,160742516.0
2024-07-10,262.8,263.26,267.59,257.86,128519430.0
2024-07-11,263.3,241.03,271.0,239.65,221707273.0
2024-07-12,235.8,248.23,251.84,233.0912,155955773.0
2024-07-15,255.97,252.64,265.6,251.73,146912920.0
2024-07-16,255.31,256.56,258.62,245.8001,126332470.0
2024-07-17,252.73,248.5,258.47,246.18200000000002,115584810.0
2024-07-18,251.09,249.23,257.14,247.2,110869037.0
2024-07-19,247.79,239.2,249.44,236.83,87403903.0
2024-07-22,244.21,251.51,253.21,243.75,101225430.0
2024-07-23,253.6,246.38,255.7594,245.63,111928192.0
2024-07-24,225.42,215.99,225.99,214.71,167942939.0
2024-07-25,216.8,220.25,226.0,216.231,100636466.0
2024-07-26,221.19,219.8,222.2799,215.33,94604145.0
2024-07-29,224.9,232.1,234.27,224.7,129201789.0
2024-07-30,232.25,222.62,232.41,220.0,100560334.0
2024-07-31,227.9,232.07,234.68,226.7875,67497011.0
2024-08-01,227.69,216.86,231.86700000000002,214.3328,83861898.0
2024-08-02,214.88,207.67,216.13,205.78,82880120.0
2024-08-05,185.22,198.88,203.8799,182.0,100308836.0
2024-08-06,200.75,200.64,202.9,192.67,73783942.0
2024-08-07,200.77,191.76,203.49,191.48,71159778.0
2024-08-08,195.7,198.84,200.7,192.04,65033874.0
2024-08-09,197.05,200.0,200.88,195.11,58648274.0
2024-08-12,199.02,197.49,199.26,194.67,64044903.0
2024-08-13,198.47,207.83,208.49,197.06,76247387.0
2024-08-14,207.39,201.38,208.44,198.75,70250014.0
2024-08-15,205.02,214.14,215.88,204.82,89848530.0
2024-08-16,211.15,216.12,219.8,210.8,88765122.0
2024-08-19,217.07,222.72,222.98,214.09,76435222.0
2024-08-20,224.88,221.1,228.22,219.56,74001182.0
2024-08-21,222.67,223.27,224.6594,218.86,70145964.0
2024-08-22,223.82,210.66,224.8,210.32,79514482.0
2024-08-23,214.455,220.32,221.48,214.21,81525207.0
2024-08-26,218.75,213.21,219.09,211.01,59301187.0
2024-08-27,213.25,209.21,215.66,206.94,62821390.0
2024-08-28,209.72,205.75,211.84,202.59,64116350.0
2024-08-29,209.8,206.28,214.89,205.97,62308818.0
2024-08-30,208.63,214.11,214.5701,207.03,63370608.0
2024-09-03,215.26,210.6,219.9043,209.64,76714222.0
2024-09-04,210.59,219.41,222.22,210.57,80217329.0
2024-09-05,223.49,230.17,235.0,222.25,119355013.0
2024-09-06,232.6,210.73,233.6,210.51,112177004.0
2024-09-09,216.2,216.27,219.87,213.67,67443518.0
2024-09-10,220.07,226.17,226.4,218.6377,78891136.0
2024-09-11,224.55,228.13,228.47,216.8003,83548633.0
2024-09-12,224.66,229.81,231.45,223.83,72020042.0
2024-09-13,228.0,230.29,232.67,226.32,59515114.0
2024-09-16,229.3,226.78,229.96,223.53,54322995.0
2024-09-17,229.45,227.87,234.57,226.5533,66761636.0
2024-09-18,230.09,227.2,235.68,226.88,78010204.0
2024-09-19,234.0,243.92,244.24,232.13,102694576.0
2024-09-20,241.52,238.25,243.99,235.92,99879070.0
2024-09-23,242.61,250.0,250.0,241.92,86927194.0
2024-09-24,254.08,254.27,257.19,249.0501,88490999.0
2024-09-25,252.54,257.02,257.05,252.28,65034318.0
2024-09-26,260.6,254.22,261.75,251.53,67142193.0
2024-09-27,257.375,260.46,260.6999,254.12,70988067.0
2024-09-30,259.04,261.63,264.86,255.77,80873381.0
2024-10-01,262.67,258.02,263.98,248.53,87397613.0
2024-10-02,247.55,249.02,251.1585,241.5,93983930.0
2024-10-03,244.48,240.66,249.79,237.81,80729240.0
2024-10-04,246.69,250.08,250.96,244.58,86726285.0
2024-10-07,249.0,240.83,249.83,240.7,68113270.0
2024-10-08,243.56,244.5,246.21,240.56,56303160.0
2024-10-09,243.82,241.05,247.43,239.51,66289529.0
2024-10-10,241.81,238.77,242.7899,232.34,83087063.0
2024-10-11,220.13,217.8,223.34,214.38,142628874.0
2024-10-14,220.13,219.16,221.91,213.74,86291923.0
2024-10-15,220.01,219.57,224.26,217.12,62988787.0
2024-10-16,221.4,221.33,222.8199,218.93,49632824.0
2024-10-17,221.59,220.89,222.08,217.9,50791784.0
2024-10-18,220.71,220.7,222.28,219.23,49611867.0
2024-10-21,218.9,218.85,220.48,215.726,47328988.0
2024-10-22,217.31,217.97,218.22,215.26,43268741.0
2024-10-23,217.125,213.65,218.72,212.11,80938892.0
2024-10-24,244.68,260.48,262.1199,242.65,204491903.0
2024-10-25,256.01,269.19,269.49,255.32,161611931.0
2024-10-28,270.0,262.51,273.536,262.24,107653603.0
2024-10-29,264.51,259.52,264.98,255.51,80521751.0
2024-10-30,258.035,257.55,263.35,255.8201,53993576.0
2024-10-31,257.99,249.85,259.75,249.25,66575292.0
2024-11-01,252.043,248.98,254.0,246.63,57544757.0
2024-11-04,244.56,242.84,248.9,238.88,68802354.0
2024-11-05,247.34,251.44,255.2799,246.2101,69282505.0
2024-11-06,284.67,288.53,289.59,275.62,165228710.0
2024-11-07,288.89,296.91,299.75,285.52,117309232.0
2024-11-08,299.14,321.22,328.71,297.66,204782763.0
2024-11-11,346.3,350.0,358.64,336.0,210521625.0
2024-11-12,342.74,328.49,345.84,323.31,155726016.0
2024-11-13,335.85,330.24,344.5999,322.5,125405599.0
2024-11-14,327.69,311.18,329.98,310.37,120726109.0
2024-11-15,310.57,320.72,324.6799,309.22,114440286.0
2024-11-18,340.73,338.74,348.5499,330.01,126547455.0
2024-11-19,335.76,346.0,347.3799,332.75,88852452.0
2024-11-20,345.0,342.03,346.5999,334.3,66340650.0
2024-11-21,343.81,339.64,347.9899,335.28,58011719.0
2024-11-22,341.085,352.56,361.53,337.7,89140722.0
2024-11-25,360.14,338.59,361.93,338.2,95890899.0
2024-11-26,341.0,338.23,346.96,335.66,62295857.0
2024-11-27,341.8,332.89,342.55,326.59,57896439.0
2024-11-29,336.08,345.16,345.45,334.65,37167621.0
2024-12-02,352.38,357.09,360.0,351.1501,77986478.0
2024-12-03,351.8,351.42,355.69,348.2,58267196.0
2024-12-04,353.0,357.93,358.1,348.6,50810874.0
2024-12-05,359.87,369.49,375.43,359.5,81403569.0
2024-12-06,377.42,389.22,389.49,370.8,81455834.0
2024-12-09,397.61,389.79,404.8,378.01,96359173.0
2024-12-10,392.68,400.99,409.73,390.85,97563578.0
2024-12-11,409.7,424.77,424.88,402.38,104287559.0
2024-12-12,424.84,418.1,429.3,415.0,87752225.0
2024-12-13,420.0,436.23,436.3,415.71,89000158.0
2024-12-16,441.09,463.02,463.19,436.15,114083811.0
2024-12-17,475.9,479.86,483.99,457.5101,131222978.0
2024-12-18,466.495,440.13,488.5399,427.01,149340788.0
2024-12-19,451.88,436.17,456.36,420.02,118566146.0
2024-12-20,425.505,421.06,447.08,417.64,132216176.0
2024-12-23,431.0,430.6,434.51,415.4112,72698055.0
2024-12-24,435.9,462.28,462.78,435.14,59551750.0
2024-12-26,465.16,454.13,465.3299,451.02,76651210.0
2024-12-27,449.52,431.66,450.0,426.5,82666821.0
2024-12-30,419.4,417.41,427.0,415.75,64941012.0
2024-12-31,423.79,403.84,427.93,402.54,76825121.0
2025-01-02,390.1,379.28,392.7299,373.04,109710749.0
2025-01-03,381.48,410.44,411.8799,379.45,95423329.0
2025-01-06,423.2,411.05,426.43,401.7,85516534.0
2025-01-07,405.83,394.36,414.33,390.0,75699525.0
2025-01-08,392.95,394.94,402.4999,387.4,73038805.0
2025-01-10,391.4,394.74,399.28,377.29,62287333.0
2025-01-13,383.21,403.31,403.79,380.07,67580494.0
2025-01-14,414.34,396.36,422.64,394.54,84565022.0
2025-01-15,409.9,428.22,429.8,405.661,81375460.0
2025-01-16,423.49,413.82,424.0,409.13,68335151.0
2025-01-17,421.5,426.5,439.74,419.75,94991429.0
2025-01-21,432.64,424.07,433.2,406.31,87320894.0
2025-01-22,416.81,415.11,428.0,414.59,60963342.0
2025-01-23,416.06,412.38,420.73,408.95,50690592.0
2025-01-24,414.45,406.58,418.88,405.78,56427149.0
2025-01-27,394.8,397.15,406.69,389.0,58125510.0
2025-01-28,396.91,398.09,400.59,386.5,48910676.0
2025-01-29,395.21,389.1,398.5899,384.48,68033648.0
2025-01-30,410.78,400.28,412.5,384.41,98092879.0
2025-01-31,401.53,404.6,419.99,401.34,83568219.0
2025-02-03,386.68,383.68,389.17,374.36,93732122.0
2025-02-04,382.63,392.21,394.0,381.4,57072235.0
2025-02-05,387.51,378.17,388.39,375.53,57614721.0
2025-02-06,373.03,374.32,375.4,363.18,77918230.0
2025-02-07,370.19,361.62,380.5459,360.34,70298258.0
2025-02-10,356.21,350.73,362.7,350.51,77514903.0
2025-02-11,345.8,328.5,349.37,325.1,118543400.0
2025-02-12,329.94,336.51,346.4,329.12,105382729.0
2025-02-13,345.0,355.94,358.69,342.85,89441519.0
2025-02-14,360.62,355.84,362.0,347.5,68277279.0
2025-02-18,355.01,354.11,359.1,350.02,51631702.0
2025-02-19,354.0,360.56,367.34,353.67,67094374.0
2025-02-20,361.51,354.4,362.3,348.0,45965354.0
2025-02-21,353.44,337.8,354.98,334.42,74058648.0
2025-02-24,338.14,330.53,342.3973,324.7,76052321.0
2025-02-25,327.025,302.8,328.89,297.2512,134228777.0
2025-02-26,303.715,290.8,309.0,288.04,100118276.0
2025-02-27,291.16,281.95,297.23,280.88,101748197.0
2025-02-28,279.5,292.98,293.88,273.6,115696968.0
2025-03-03,300.34,284.65,303.94,277.3,115551414.0
2025-03-04,270.93,272.04,284.35,261.8401,126706623.0
2025-03-05,272.92,279.1,279.55,267.71,94042913.0
2025-03-06,272.06,263.45,272.65,260.02,98451566.0
2025-03-07,259.32,262.67,266.2499,250.73,102369640.0
2025-03-10,252.54,222.15,253.37,220.0,185037825.0
2025-03-11,225.305,230.58,237.0649,217.02,174896415.0
2025-03-12,247.22,248.09,251.84,241.1,142215681.0
2025-03-13,248.125,240.68,248.29,232.6,114813525.0
2025-03-14,247.31,249.98,251.58,240.73,100242264.0
2025-03-17,245.055,238.01,245.4,232.8,111900565.0
2025-03-18,228.155,225.31,230.1,222.28,111477636.0
2025-03-19,231.61,235.86,241.41,229.201,111993753.0
2025-03-20,233.345,236.26,238.0,230.0501,99028270.0
2025-03-21,234.985,248.71,249.52,234.55,132728684.0
2025-03-24,258.075,278.39,278.64,256.33,169079865.0
2025-03-25,283.6,288.14,288.2,271.28,150361538.0
2025-03-26,282.66,272.06,284.9,266.51,156254441.0
2025-03-27,272.48,273.13,291.85,271.8216,162572146.0
2025-03-28,275.575,263.55,276.1,260.57,123809389.0
2025-03-31,249.31,259.16,260.56,243.3601,134008936.0
2025-04-01,263.8,268.46,277.45,259.25,146486911.0
2025-04-02,254.6,282.76,284.99,251.27,212787817.0
2025-04-03,265.29,267.28,276.3,261.51,136174291.0
2025-04-04,255.38,239.43,261.0,236.0,181229353.0
2025-04-07,223.78,233.29,252.0,214.25,183453776.0
2025-04-08,245.0,221.86,250.44,217.8,171603472.0
2025-04-09,224.69,272.2,274.69,223.88,219433373.0
2025-04-10,260.0,252.4,262.49,239.33,181722604.0
2025-04-11,251.84,252.31,257.74,241.3629,128948085.0
2025-04-14,258.36,252.35,261.8,245.93,100135241.0
2025-04-15,249.91,254.11,258.75,247.54,79594318.0
2025-04-16,247.61,241.55,251.97,233.89,112378737.0
2025-04-17,243.47,241.37,244.34,237.6833,83404775.0
2025-04-21,230.26,227.5,232.21,222.79,97768007.0
2025-04-22,230.96,237.97,242.79,229.8501,120858452.0
2025-04-23,254.86,250.74,259.4499,244.43,150381903.0
2025-04-24,250.5,259.51,259.54,249.2,94464195.0
2025-04-25,261.69,284.95,286.85,259.63,167560688.0
2025-04-28,288.98,285.88,294.86,272.42,151731771.0
2025-04-29,285.5,292.03,293.32,279.4695,108906553.0
2025-04-30,279.9,282.16,284.45,270.78,128961057.0
2025-05-01,280.01,280.52,290.8688,279.81,99658974.0
2025-05-02,284.9,287.21,294.78,279.81,114454683.0
2025-05-05,284.57,280.26,284.849,274.4,94618882.0
2025-05-06,273.105,275.35,277.73,271.35,76715792.0
2025-05-07,276.88,276.22,277.92,271.0,71882408.0
2025-05-08,279.63,284.82,289.8,279.41,97539448.0
2025-05-09,290.21,298.26,307.04,290.0,132387835.0
2025-05-12,321.99,318.38,322.21,311.5,112826661.0
2025-05-13,320.0,334.07,337.5894,316.8,136992574.0
2025-05-14,342.5,347.68,350.0,337.0,136997264.0
2025-05-15,340.34,342.82,346.1393,334.7153,97882596.0
2025-05-16,346.24,349.98,351.62,342.33,95895665.0
2025-05-19,336.3,342.09,343.0,333.37,88869853.0
2025-05-20,347.87,343.82,354.9899,341.63,131715548.0
2025-05-21,344.43,334.62,347.35,332.2,102354844.0
2025-05-22,331.9,341.04,347.27,331.39,97113416.0
2025-05-23,337.92,339.34,343.18,333.21,84654818.0
2025-05-27,347.35,362.89,363.79,347.32,120146414.0
2025-05-28,364.84,356.9,365.0,355.91,91404309.0
2025-05-29,365.29,358.43,367.71,356.0,88545666.0
2025-05-30,355.52,346.46,363.68,345.29,123474938.0
2025-06-02,343.5,342.69,348.02,333.33,81873829.0
2025-06-03,346.595,344.27,355.4,343.04,99324544.0
2025-06-04,345.095,332.05,345.6,327.3308,98912075.0
2025-06-05,322.49,284.7,324.5499,273.21,292818655.0
2025-06-06,298.83,295.14,305.5,291.14,164747685.0
2025-06-09,285.955,308.58,309.83,281.85,140908876.0
2025-06-10,314.94,326.09,327.83,310.66700000000003,151256520.0
2025-06-11,334.395,326.43,335.5,322.5,122611360.0
2025-06-12,323.075,319.11,332.56,316.86,105127536.0
2025-06-13,313.97,325.31,332.99,313.3,128964279.0
2025-06-16,331.29,329.13,332.05,326.41,83925858.0
2025-06-17,326.09,316.35,327.26,314.74,88282669.0
2025-06-18,317.31,322.05,329.32,315.45,95137686.0
2025-06-20,327.95,322.16,332.36,317.78,108688008.0
2025-06-23,327.54,348.68,357.54,327.48,190716815.0
2025-06-24,356.17,340.47,356.26,340.44,114736245.0
2025-06-25,342.7,327.55,343.0,320.4,119845050.0
2025-06-26,324.61,325.78,331.05,323.61,80440907.0
2025-06-27,324.51,323.63,329.3393,317.495,89067049.0
2025-06-30,319.9,317.66,325.5799,316.6,76695081.0
2025-07-01,298.46,300.71,305.89,293.21,145085665.0
2025-07-02,312.63,315.65,316.832,303.82,119483730.0
2025-07-03,317.99,315.35,318.45,312.76,58042302.0
2025-07-07,291.37,293.94,296.15,288.7701,131177949.0
2025-07-08,297.0,297.81,304.0499,294.35,103246742.0
2025-07-09,297.55,295.88,300.15,293.55,75586771.0
2025-07-10,300.05,309.87,310.48,300.0,104365271.0
2025-07-11,307.89,313.51,314.09,305.65,79236442.0
2025-07-14,317.73,316.9,322.5986,312.67,78043430.0
2025-07-15,319.675,310.78,321.2,310.5,77556346.0
2025-07-16,312.8,321.67,323.5,312.62,97284786.0
2025-07-17,323.15,319.41,324.34,317.0601,73922870.0
2025-07-18,321.66,329.65,330.9,321.42,94254993.0
2025-07-21,334.4,328.49,338.0,326.88,75768797.0
2025-07-22,329.74,332.11,335.4098,321.55,77370371.0
2025-07-23,330.9,332.56,336.2,328.67,92553756.0
2025-07-24,310.0,305.3,310.15,300.41,156966023.0
2025-07-25,308.74,316.06,323.63,308.01,148227027.0
2025-07-28,318.45,325.59,330.49,315.69,112673755.0
2025-07-29,325.55,321.2,326.25,318.25,87358861.0
2025-07-30,322.18,319.04,324.4499,311.6164,83931942.0
2025-07-31,319.605,308.27,321.37,306.1,85270919.0
2025-08-01,306.205,302.63,309.31,297.82,89121446.0
2025-08-04,309.08,309.26,312.1186,303.0001,78683905.0
2025-08-05,308.95,308.72,312.4499,305.5,57961278.0
2025-08-06,307.89,319.91,320.47,306.9345,78523579.0
2025-08-07,319.79,322.27,322.4,316.16,66658672.0
2025-08-08,321.43,329.65,335.15,320.98,91200319.0
2025-08-11,335.0,339.03,346.64,334.15,105320174.0
2025-08-12,345.0,340.84,345.26,332.94,80690111.0
2025-08-13,341.5,339.38,348.98,338.2,67838892.0
2025-08-14,335.76,335.58,340.4699,330.4,75000662.0
2025-08-15,337.655,330.56,339.3,327.02,74319792.0
2025-08-18,329.62,335.16,336.27,329.59,56956552.0
2025-08-19,335.79,329.31,340.55,327.85,75956002.0
2025-08-20,329.22,323.9,331.37,314.6,77481768.0
2025-08-21,322.08,320.11,324.9,318.68,55744445.0
2025-08-22,321.66,340.01,340.25,319.69,94016347.0
2025-08-25,338.9,346.6,349.53,335.03,86670037.0
2025-08-26,344.93,351.67,351.9,343.72,76651550.0
2025-08-27,351.94,349.6,355.39,349.156,65519012.0
2025-08-28,350.91,345.98,353.55,340.26,67903224.0
2025-08-29,347.23,333.87,348.7499,331.7,81145660.0
2025-09-02,328.23,329.36,333.33,325.6,58391952.0
2025-09-03,335.2,334.09,343.33,328.51,88238894.0
2025-09-04,336.15,338.53,338.89,331.48,60711033.0
2025-09-05,348.0,350.84,355.87,344.6801,108989785.0
2025-09-08,354.64,346.4,358.44,344.84,75208290.0
2025-09-09,348.44,346.97,350.77,343.82,53815991.0
2025-09-10,350.55,347.79,356.33,346.07,72121679.0
2025-09-11,350.17,368.81,368.99,347.6,103756010.0
2025-09-12,370.94,395.94,396.6899,370.24,168156391.0
2025-09-15,423.13,410.04,425.7,402.43,163823667.0
2025-09-16,414.495,421.62,423.25,411.43,104285721.0
2025-09-17,415.75,425.86,428.312095,409.67,106133532.0
2025-09-18,428.865,416.85,432.2199,416.56,90454509.0
2025-09-19,421.82,426.07,429.47,421.72,93131034.0
2025-09-22,431.11,434.21,444.98,429.13,97108777.0
2025-09-23,439.88,425.85,440.97,423.72,83422691.0
2025-09-24,429.83,442.79,444.21,429.0301,93133570.0
2025-09-25,435.24,423.39,435.35,419.08,96746426.0
2025-09-26,428.3,440.4,440.47,421.02,101628160.0
2025-09-29,444.35,443.21,450.98,439.5,79491510.0
2025-09-30,441.52,444.72,445.0,433.12,74357960.0
2025-10-01,443.8,459.46,462.29,440.75,98122285.0
2025-10-02,470.54,436.0,470.75,435.57,137008950.0
2025-10-03,443.285,429.83,446.77,416.575,133188180.0
2025-10-06,440.75,453.25,453.55,436.69,85324878.0
2025-10-07,447.82,433.09,452.68,432.4501,102296082.0
2025-10-08,437.57,438.69,441.33,425.23,71192128.0
2025-10-09,431.81,435.54,436.35,426.18,69339928.0
2025-10-10,436.54,413.49,443.13,411.45,112107870.0
2025-10-13,423.53,435.9,436.89,419.7,79552785.0
2025-10-14,426.79,429.24,434.2,417.86,72669438.0
2025-10-15,434.9,435.15,440.51,426.3301,71558185.0
2025-10-16,434.73,428.75,439.35,421.3101,77189889.0
2025-10-17,425.5,439.31,441.4558,423.6,89331578.0
2025-10-20,443.865,447.43,449.8,440.61,63718971.0
2025-10-21,445.755,442.6,449.3,442.05,54412169.0
2025-10-22,443.45,438.97,445.539,429.0,84023458.0
2025-10-23,420.0,448.98,449.3999,413.9,126709833.0
2025-10-24,446.83,433.72,451.68,430.17,94727774.0
2025-10-27,439.98,452.42,460.16,438.69,105867547.0
2025-10-28,454.775,460.55,467.0,451.6,80185667.0
2025-10-29,462.5,461.51,465.7,452.65,67983544.0
2025-10-30,451.05,440.1,455.0607,439.61,72447938.0
2025-10-31,446.75,456.56,458.0,443.6855,83135787.0
2025-11-03,455.99,468.37,474.07,453.8,84595244.0
2025-11-04,454.46,444.26,460.22,443.6,87756644.0
2025-11-05,452.05,462.07,466.3299,440.71,84911911.0
2025-11-06,461.96,445.91,467.45,435.09,109622907.0
2025-11-07,437.92,429.52,439.36,421.88,103471495.0
2025-11-10,439.6,445.23,449.6715,433.36,76515907.0
2025-11-11,439.4,439.62,442.49,432.36,60533237.0
2025-11-12,442.15,430.6,442.329,426.56,58513520.0
2025-11-13,423.13,401.99,424.5,396.34,118948032.0
2025-11-14,386.3,404.35,412.19,382.78,105506682.0
2025-11-17,398.74,408.92,423.96,398.74,102214259.0
2025-11-18,405.38,401.25,408.9,393.71,80688637.0
2025-11-19,406.18,403.99,411.78,398.5,72047704.0
2025-11-20,414.63,395.23,428.94,394.74,113548827.0
2025-11-21,402.32,391.09,402.8,383.76,100460633.0
2025-11-24,402.17,417.78,421.72,401.09,96806374.0
2025-11-25,414.42,419.4,420.48,405.95,71915624.0
2025-11-26,423.95,426.58,426.94,416.89,63462996.0
2025-11-28,426.59,430.17,432.93,426.2,36252861.0
2025-12-01,425.32,430.14,433.6599,425.29,57463552.0
2025-12-02,430.81,429.24,436.8,422.12,69336626.0
2025-12-03,432.1,446.74,447.92,431.11,87482964.0
2025-12-04,449.94,454.53,454.63,445.39,71906488.0
2025-12-05,453.03,455.0,458.87,451.66,56427522.0
2025-12-08,447.445,439.58,449.7463,435.25,68386756.0
2025-12-09,437.54,445.17,452.39,435.7,62014951.0
2025-12-10,446.065,451.45,456.88,443.61,63257475.0
2025-12-11,448.945,446.89,449.2699,440.33,55979492.0
2025-12-12,448.09,458.96,463.01,441.67,95656749.0
2025-12-15,469.44,475.31,481.7694,467.66,114542204.0
2025-12-16,472.21,489.88,491.5,465.83,107608075.0
2025-12-17,488.22,467.26,495.2799,466.2,106490405.0
2025-12-18,478.16,483.37,490.86,473.12,95168446.0
2025-12-19,488.12,481.2,490.49,474.72,103305424.0
2025-12-22,489.88,488.73,498.83,485.33,86916066.0
2025-12-23,489.395,485.56,491.97,482.84,58223633.0
2025-12-24,488.48,485.4,490.9,476.8,41285429.0
2025-12-26,485.23,475.19,489.09,473.82,58780659.0
2025-12-29,469.0,459.64,469.4,459.0,66263033.0
2025-12-30,461.09,454.43,463.12,453.83,59238464.0
2025-12-31,456.1,449.72,456.55,449.3,49077961.0
2026-01-02,457.8,438.07,458.34,435.3,85535406.0
2026-01-05,447.99,451.67,457.5499,444.57,67940839.0
2026-01-06,446.38,432.96,448.25,428.78,89093758.0
2026-01-07,435.9,431.41,438.37,431.29,59828790.0
2026-01-08,427.89,435.8,436.89,424.365,57041094.0
2026-01-09,435.945,445.01,449.05,430.39,67331456.0
2026-01-12,441.225,448.96,454.3,438.0,61649627.0
2026-01-13,450.2,447.2,451.81,443.95,53719214.0
2026-01-14,442.81,439.2,443.91,434.22,57259500.0
2026-01-15,441.125,438.57,445.36,437.65,49465813.0
2026-01-16,439.5,437.5,447.25,435.2601,60220551.0
2026-01-20,429.36,419.25,430.725,417.44,62208186.0
2026-01-21,421.66,431.44,438.2,419.6201,68123987.0
2026-01-22,435.16,449.36,449.5,432.63,71546729.0
2026-01-23,447.425,449.06,452.43,444.04,56771364.0
2026-01-26,445.0,435.2,445.04,434.28,49397415.0
2026-01-27,437.41,430.9,437.52,430.69,37321502.0
2026-01-28,431.91,431.46,438.26,430.1,54857403.0
2026-01-29,437.8,416.56,440.2299,414.62,81686127.0
2026-01-30,425.35,430.41,439.88,422.7,82626066.0
2026-02-02,421.29,421.81,427.15,414.5,58739455.0
2026-02-03,424.27,421.96,428.56,413.6901,56269638.0
2026-02-04,420.46,406.01,423.9,399.18,74606873.0
2026-02-05,397.015,397.21,402.1,387.5309,72819838.0
2026-02-06,400.87,411.11,414.55,397.751,62677144.0
2026-02-09,409.905,417.32,421.25,407.29,54484258.0
2026-02-10,418.08,425.21,427.25,417.0,64450233.0
2026-02-11,427.955,428.27,436.35,420.03,57361989.0
2026-02-12,430.3,417.07,436.23,414.0,61933359.0
2026-02-13,414.305,417.44,424.06,410.88,51434147.0
2026-02-17,412.36,410.63,413.72,400.51,59678789.0
2026-02-18,411.11,411.32,416.9,409.58,45921402.0
2026-02-19,407.25,411.71,415.2499,404.11,51019638.0
2026-02-20,408.3,411.82,414.7,405.5,57912225.0
2026-02-23,407.285,399.83,407.7,394.04,69680026.0
2026-02-24,399.5,409.38,410.82,397.64,58579482.0
2026-02-25,412.15,417.4,420.34,412.15,54809704.0
2026-02-26,414.42,408.58,416.81,403.66,53602497.0
2026-02-27,402.94,402.51,407.12,398.11,56890097.0
2026-03-02,390.6,403.32,404.54,388.25,55088338.0
2026-03-03,395.09,392.43,396.34,385.39,62617298.0
2026-03-04,397.845,405.94,408.33,394.58,68305513.0
2026-03-05,401.57,405.55,408.62,399.42,51925898.0
2026-03-06,398.09,396.73,402.35,394.21,64054561.0
2026-03-09,390.05,398.68,401.59,381.4,67018911.0
2026-03-10,402.22,399.235,406.59,398.19,59258743.0
2026-03-11,402.28,407.82,416.3799,402.15,62559930.0
2026-03-12,405.175,395.01,406.5,394.65,60973793.0
2026-03-13,399.165,391.2,400.2,389.95,58504091.0
2026-03-16,396.22,395.56,403.73,394.42,58068343.0
2026-03-17,395.69,399.27,400.12,393.0,46890467.0
2026-03-18,399.0,392.78,403.065,392.31,50853149.0
2026-03-19,387.27,380.3,387.27,378.73,67078259.0
2026-03-20,379.85,367.96,379.89,364.4601,78628603.0
2026-03-23,373.09,380.85,385.33,372.73,74606049.0
2026-03-24,376.56,383.03,387.48,376.31,60004909.0
2026-03-25,389.99,385.95,396.23,385.01,55157265.0
2026-03-26,381.6,372.11,384.44,371.87,55522879.0
2026-03-27,369.69,361.83,369.86,359.47,62065659.0
2026-03-30,365.86,355.28,367.29,352.14,67954405.0
2026-03-31,361.51,371.75,373.33,361.0,75534934.0
2026-04-01,378.63,381.26,383.14,374.08,58683752.0
2026-04-02,364.195,360.59,370.28,359.03,83031226.0
2026-04-06,362.59,352.82,367.72,346.64,77697643.0
2026-04-07,346.44,346.65,348.02,337.24,74515355.0
2026-04-08,363.79,343.25,364.5,339.67,78838616.0
2026-04-09,343.15,345.62,348.88,337.25,62164016.0
2026-04-10,346.285,348.95,350.36,342.74,51336034.0
2026-04-13,350.065,352.42,356.35,348.57,53617477.0
2026-04-14,357.67,364.2,367.63,354.77,59979607.0
2026-04-15,366.83,391.95,394.65,362.5,113810355.0
2026-04-16,393.81,388.9,394.06,381.8,63515136.0
2026-04-17,395.92,400.62,409.28,391.65,90640032.0
2026-04-20,402.58,392.5,406.8,388.33,64603868.0
2026-04-21,393.0,386.42,393.95,385.2201,50530611.0
2026-04-22,387.57,387.51,393.01,385.3,62362785.0
2026-04-23,375.28,373.72,386.0,368.39,93969510.0
2026-04-24,373.5,376.3,382.76,370.73,62893307.0
2026-04-27,372.09,378.67,380.78,364.02,66735816.0
2026-04-28,374.675,376.02,382.29,372.54,50864357.0
2026-04-29,375.4,372.8,376.4,370.04,45384836.0
2026-04-30,372.75,381.63,384.75,368.17,51076041.0
2026-05-01,382.485,390.82,397.8211,378.8,65338257.0
2026-05-04,390.23,392.51,394.64,384.8004,48765143.0
2026-05-05,395.185,389.37,402.12,389.0,47780631.0
2026-05-06,386.25,398.73,401.68,384.02,53465365.0
2026-05-07,407.48,411.79,415.83,402.12,64294224.0
2026-05-08,416.475,428.35,431.2,416.39,65049970.0
2026-05-11,422.16,445.0,449.16,416.8,78376127.0
2026-05-12,441.41,433.45,447.8,422.26,60569303.0
2026-05-13,436.665,445.27,453.4,430.21,68283229.0
2026-05-14,446.49,443.3,451.98,441.16,46070361.0
2026-05-15,433.98,422.24,434.66,422.0,52688742.0
2026-05-18,419.27,409.99,421.13,405.33,52474188.0
2026-05-19,403.16,404.11,405.63,393.63,46500551.0
2026-05-20,407.6,417.26,417.46,406.39,44484579.0
2026-05-21,422.175,417.85,426.95,412.9,42636854.0
2026-05-22,422.665,426.01,431.51,420.51,46104710.0
2026-05-26,430.26,433.59,435.2,426.12,45658897.0
2026-05-27,442.89,440.36,445.6,435.52,44656505.0
2026-05-28,437.615,442.1,443.96,436.3,32434996.0
2026-05-29,439.845,435.79,441.07,428.14,45176821.0
2026-06-01,427.49,415.88,429.6,415.43,44937852.0
2026-06-02,418.22,423.74,424.42,413.65,37596045.0
2026-06-03,418.7,423.7,433.6,416.0,44500733.0
2026-06-04,419.84,418.45,426.3499,417.16,35323259.0
2026-06-05,420.5,391.0,424.6799,388.59,63420177.0
2026-06-08,396.33,408.95,412.94,394.72,50328834.0
2026-06-09,411.03,396.68,418.5,384.24,59940230.0
2026-06-10,391.54,381.59,397.09,380.15,49695583.0
2026-06-11,388.28,399.15,399.54,380.66,45324348.0
2026-06-12,399.49,406.43,406.68,386.76,63652286.0
2026-06-15,412.37,411.15,416.0,407.1,45620514.0
2026-06-16,404.11,404.66,412.42,400.54,40255473.0
2026-06-17,401.53,396.38,405.94,393.76,43534299.0
2026-06-18,398.095,400.49,402.52,384.7,58384713.0
2026-06-22,394.85,405.05,414.75,394.4,47819486.0
2026-06-23,392.61,381.61,392.87,379.06,50420210.0
2026-06-24,380.08,375.53,384.58,373.05,37081421.0
2026-06-25,375.27,375.12,379.11699999999996,371.221,30259987.0
2026-06-26,370.15,379.71,387.8,368.6,53434138.0
2026-06-29,381.79,411.84,413.27,379.3,57645798.0
2026-06-30,406.0,420.6,424.54,406.0,43385619.0
2026-07-01,421.46,425.3,432.8599,418.0901,40127902.0
2026-07-02,428.01,393.45,432.35,389.3011,73915762.0
2026-07-06,397.5,419.77,420.0,390.5,54727861.0
2026-07-07,416.96,402.9,419.56,401.88,38149901.0
2026-07-08,399.375,394.06,399.63,390.51,33844906.0
2026-07-09,393.99,406.55,407.86,390.8631,37834988.0
2026-07-10,410.49,407.76,413.16,402.8101,33409995.0
2026-07-13,404.61,394.76,405.57,391.37,32809171.0
2026-07-14,399.05,396.18,402.22,394.76,23384992.0
2026-07-15,399.395,394.46,406.5895,390.66,31549805.0
2026-07-16,392.35,391.06,395.31,385.32,29269113.0
2026-07-17,381.78,380.84,385.6899,377.22,31394594.0
2026-07-20,386.045,369.57,386.61,369.425,33901516.0
2026-07-21,371.165,378.93,384.07,369.98,32735334.0
2026-07-22,375.53,374.01,380.17,372.9,30646124.0
2026-07-23,341.0,319.69,342.11,315.735,115606413.0
2026-07-24,320.72,313.03,322.96,306.51,62760007.0
2026-07-27,313.24,309.22,317.0,304.28,44919377.0
2026-07-28,305.925,307.44,311.16,300.69,39802421.0
2026-07-29,307.14,298.32,309.06,297.38,39478039.0
2026-07-30,302.7,308.85,310.87,301.33,38005390.0
2026-07-31,309.69,311.21,315.5,301.97,36630560.0
2026-08-03,310.96,322.08,324.65,310.425,38281362.0
2026-08-04,324.0,327.35,329.57,320.7901,33318303.0
2026-08-05,323.42,321.55,327.14,320.28,27820813.0
2026-08-06,317.05,319.53,323.0,315.5205,26033776.0
2026-08-07,322.34,328.58,333.73,321.2508,39492345.0
2026-08-10,326.595,330.88,332.05,326.15,25003808.0
2026-08-11,332.8,332.81,336.2,329.53,23345233.0
2026-08-12,335.0,327.51,335.5,323.64,28698879.0
2026-08-13,327.2,339.96,341.64,325.24,34708303.0
2026-08-14,342.33,342.27,351.26,335.3306,45437144.0
2026-08-17,340.69,339.3,345.45,337.48,26037093.0
2026-08-18,333.22,336.87,340.53,331.12,27994466.0
2026-08-19,338.89,351.12,351.62,335.7,36735428.0
2026-08-20,346.2,345.13,347.5,338.96,30766360.0
2026-08-21,349.88,362.86,366.5,346.9,59223958.0
2026-08-24,361.41,348.95,363.24,348.26,39190484.0
2026-08-25,349.58,350.25,357.0,349.2003,29816685.0
2026-08-26,345.27,345.82,351.93,342.53,28573007.0
2026-08-27,346.155,354.81,355.74,345.45,30136164.0
2026-08-28,357.095,348.75,358.8,345.2,32972214.0
2026-08-31,347.21,367.95,368.92,347.15,61732258.0
2026-09-01,360.9,356.09,362.7,352.96,36193926.0
2026-09-02,360.41,357.01,360.62,349.92,33951909.0
2026-09-03,365.82,376.365,384.04,365.82,63600987.0
2026-09-04,362.07,354.08,364.69,351.3201,65018209.0
